relevance_score,search_criteria,provider,title,company,location,work_location_type,employment_type,matching_skills,missing_skills,detected_languages,matched_roles,salary_hint,posted_at_relative,link,scraped_at
14,Tester | Austria,freelance_de,Senior Tester (m/w/d) Agile Senior Tester,Freelance.de Client,Germany/Remote,Remote,Freelance,,"Senior, Agile",English,Senior,,Recent,https://www.freelance.de/projekte/projekt-1275015-Senior-Tester-m-w-d-Agile-Senior-Tester,2026-06-11T15:04:02.274941+00:00
14,Tester | Austria,freelance_de,Senior Software Tester,Freelance.de Client,Germany/Remote,Remote,Freelance,,Senior,English,Senior,,Recent,https://www.freelance.de/projekte/projekt-1273175-Senior-Software-Tester,2026-06-11T15:04:02.275157+00:00
14,Tester | Austria,freelance_de,Senior Android Tester (m/f/d),Freelance.de Client,Germany/Remote,Remote,Freelance,,Senior,English,Senior,,Recent,https://www.freelance.de/projekte/projekt-1270107-Senior-Android-Tester-m-f-d,2026-06-11T15:04:02.275395+00:00
14,Tester | Austria,freelance_de,Energy Trading Senior Tester (Only Nearshore) (m/f/d),Freelance.de Client,Germany/Remote,Remote,Freelance,,Senior,English,Senior,,Recent,https://www.freelance.de/projekte/projekt-1267681-Energy-Trading-Senior-Tester-Only-Nearshore-m-f-d,2026-06-11T15:04:02.276463+00:00
14,Tester | Austria,freelance_de,Senior Tester (m/w/d) Tricentis Tosca Einführung & Testautomatisierung ID26981-0,Freelance.de Client,Germany/Remote,Remote,Freelance,Test Automation,Senior,English,Senior,,Recent,https://www.freelance.de/projekte/projekt-1273734-Senior-Tester-m-w-d-Tricentis-Tosca-Einfuehrung-Testautomatisierung-ID26981,2026-06-11T15:04:02.277080+00:00
14,Tester | Austria,freelance_de,Senior Factory Software Application Engineer (m/f/d),Freelance.de Client,Germany/Remote,Remote,Freelance,,Senior,English,Senior,,Recent,https://www.freelance.de/projekte/projekt-1268322-Senior-Factory-Software-Application-Engineer-m-f-d,2026-06-11T15:04:02.277488+00:00
14,Tester | Remote,freelance_de,Remote Mendix Architect,Freelance.de Client,Germany/Remote,Remote,Freelance,,Architect,English,Architect,,Recent,https://www.freelance.de/projekte/projekt-1275122-Remote-Mendix-Architect,2026-06-11T15:04:20.544831+00:00
14,QA Engineer | Germany,freelance_de,QA Lead,Freelance.de Client,Germany/Remote,Remote,Freelance,,Lead,English,"Lead, QA Lead",,Recent,https://www.freelance.de/projekte/projekt-1268482-QA-Lead,2026-06-11T15:04:38.213901+00:00
14,QA Engineer | Germany,freelance_de,QA Expert (Senior),Freelance.de Client,Germany/Remote,Remote,Freelance,,"Senior, Expert",English,"Expert, Senior",,Recent,https://www.freelance.de/projekte/projekt-1265541-QA-Expert-Senior,2026-06-11T15:04:38.214126+00:00
14,QA Engineer | Germany,freelance_de,QA Manager / Testmanager (m/w/d),Freelance.de Client,Germany/Remote,Remote,Freelance,,,English,Test Manager,,Recent,https://www.freelance.de/projekte/projekt-1270000-QA-Manager-Testmanager-m-w-d,2026-06-11T15:04:38.214840+00:00
14,QA Engineer | Germany,freelance_de,Senior QA Specialist & Batch Review,Freelance.de Client,Germany/Remote,Remote,Freelance,,Senior,English,Senior,,Recent,https://www.freelance.de/projekte/projekt-1274667-Senior-QA-Specialist-Batch-Review,2026-06-11T15:04:38.215090+00:00
14,QA Engineer | Germany,freelance_de,Expert QA Engineering Grid Control Platform (m/w/d),Freelance.de Client,Germany/Remote,Remote,Freelance,,Expert,English,Expert,,Recent,https://www.freelance.de/projekte/projekt-1266537-Expert-QA-Engineering-Grid-Control-Platform-m-w-d,2026-06-11T15:04:38.215655+00:00
14,QA Engineer | Remote,freelance_de,Senior Software Engineer(AWS/TypeScript)- Remote -Start:June1,Freelance.de Client,Germany/Remote,Remote,Freelance,Typescript,"Aws, Senior",English,Senior,,Recent,https://www.freelance.de/projekte/projekt-1270182-Senior-Software-Engineer-AWS-TypeScript-Remote-Start-June1,2026-06-11T15:05:12.406055+00:00
14,Test Engineer | Germany,freelance_de,Test Manager,Freelance.de Client,Germany/Remote,Remote,Freelance,,,English,Test Manager,,Recent,https://www.freelance.de/projekte/projekt-1270059-Test-Manager,2026-06-11T15:05:30.474440+00:00
14,Test Engineer | Germany,freelance_de,Senior Test & Compliance Engineer (m/w/d),Freelance.de Client,Germany/Remote,Remote,Freelance,,Senior,English,Senior,,Recent,https://www.freelance.de/projekte/projekt-1271333-Senior-Test-Compliance-Engineer-m-w-d,2026-06-11T15:05:30.474714+00:00
14,Test Engineer | Germany,freelance_de,Senior Charging Interoperability Test Engineer  (m/f/d),Freelance.de Client,Germany/Remote,Remote,Freelance,,Senior,English,Senior,,Recent,https://www.freelance.de/projekte/projekt-1265802-Senior-Charging-Interoperability-Test-Engineer-m-f-d,2026-06-11T15:05:30.475095+00:00
14,Test Engineer | Germany,freelance_de,Senior Software Engineer – Test Automation (w/m/d),Freelance.de Client,Germany/Remote,Remote,Freelance,Test Automation,Senior,English,Senior,,Recent,https://www.freelance.de/projekte/projekt-1271379-Senior-Software-Engineer-Test-Automation-w-m-d,2026-06-11T15:05:30.475334+00:00
14,Test Engineer | Austria,freelance_de,Senior Integration/ Test Engineer ( ATM VOICE System) (m/w/d),Freelance.de Client,Germany/Remote,Remote,Freelance,,Senior,English,Senior,,Recent,https://www.freelance.de/projekte/projekt-1274827-Senior-Integration-Test-Engineer-ATM-VOICE-System-m-w-d,2026-06-11T15:05:48.147349+00:00
14,Test Engineer | Remote,freelance_de,Performance Test Engineer / Lasttest Experte ab Juli für 2–3 Monate (Remote),Freelance.de Client,Germany/Remote,Remote,Freelance,,"Load Testing, Expert, R",English,Expert,,Recent,https://www.freelance.de/projekte/projekt-1274514-Performance-Test-Engineer-Lasttest-Experte-ab-Juli-fuer-2-3-Monate,2026-06-11T15:06:04.593149+00:00
14,Testingenieur | Germany,freelance_de,SAP S/4HANA Utilities Architect (m/w/d),Freelance.de Client,Germany/Remote,Remote,Freelance,,Architect,English,Architect,,Recent,https://www.freelance.de/projekte/projekt-1274554-SAP-S-4HANA-Utilities-Architect-m-w-d,2026-06-11T15:06:22.450326+00:00
14,Testingenieur | Germany,freelance_de,SAP WM Lead (m/w/d),Freelance.de Client,Germany/Remote,Remote,Freelance,,Lead,English,Lead,,Recent,https://www.freelance.de/projekte/projekt-1274510-SAP-WM-Lead-m-w-d,2026-06-11T15:06:22.450749+00:00
14,Testingenieur | Germany,freelance_de,Interim Payroll & Time & Attendance Lead,Freelance.de Client,Germany/Remote,Remote,Freelance,,Lead,English,Lead,,Recent,https://www.freelance.de/projekte/projekt-1274913-Interim-Payroll-Time-Attendance-Lead,2026-06-11T15:06:22.450957+00:00
14,Testingenieur | Germany,freelance_de,"PVD‑Experte - Technische Beratung, Prozessanalyse & Optimierung dekorativer PVD‑Beschichtungen",Freelance.de Client,Germany/Remote,Remote,Freelance,,Expert,English,Expert,,Recent,https://www.freelance.de/projekte/projekt-1258796-PVD-Experte-Technische-Beratung-Prozessanalyse-Optimierung-dekorativer-PVD-Beschichtungen,2026-06-11T15:06:22.452208+00:00
14,Testingenieur | Austria,freelance_de,Freelance Consultant Analytical Data Migration Verification (w/m/d),Freelance.de Client,Germany/Remote,Remote,Freelance,,Consultant,English,Consultant,,Recent,https://www.freelance.de/projekte/projekt-1273394-Freelance-Consultant-Analytical-Data-Migration-Verification-w-m-d,2026-06-11T15:06:40.225357+00:00
14,Testingenieur | Austria,freelance_de,Freelance Consultant Process Validation (w/m/d),Freelance.de Client,Germany/Remote,Remote,Freelance,,Consultant,English,Consultant,,Recent,https://www.freelance.de/projekte/projekt-1265485-Freelance-Consultant-Process-Validation-w-m-d,2026-06-11T15:06:40.225723+00:00
14,Testingenieur | Austria,freelance_de,Freiberuflicher Experte Hoch- und Mittelspannung / Electrical Engineer (m/d/w),Freelance.de Client,Germany/Remote,Remote,Freelance,,Expert,German,Expert,,Recent,https://www.freelance.de/projekte/projekt-1271765-Freiberuflicher-Experte-Hoch-und-Mittelspannung-Electrical-Engineer-m-d-w,2026-06-11T15:06:40.226082+00:00
14,Testingenieur | Austria,freelance_de,Freelance IT Netzwerk/Support Consultant (m/w/d),Freelance.de Client,Germany/Remote,Remote,Freelance,,Consultant,English,Consultant,,Recent,https://www.freelance.de/projekte/projekt-1274229-Freelance-IT-Netzwerk-Support-Consultant-m-w-d,2026-06-11T15:06:40.226450+00:00
14,Testingenieur | Austria,freelance_de,Freelance Consultant Datenarchivierung & Legacy-Systeme (m/w/d),Freelance.de Client,Germany/Remote,Remote,Freelance,,Consultant,English,Consultant,,Recent,https://www.freelance.de/projekte/projekt-1269297-Freelance-Consultant-Datenarchivierung-Legacy-Systeme-m-w-d,2026-06-11T15:06:40.227563+00:00
14,Testingenieur | Remote,freelance_de,ServiceNow Architekt:in per remote,Freelance.de Client,Germany/Remote,Remote,Freelance,,Architect,English,Architect,,Recent,https://www.freelance.de/projekte/projekt-1273244-ServiceNow-Architekt-in-per-remote,2026-06-11T15:06:58.026948+00:00
14,Testingenieur | Remote,freelance_de,Senior VMware Architekt:in per remote,Freelance.de Client,Germany/Remote,Remote,Freelance,,"Architect, Senior",English,"Architect, Senior",,Recent,https://www.freelance.de/projekte/projekt-1271791-Senior-VMware-Architekt-in-per-remote,2026-06-11T15:06:58.027399+00:00
14,Testingenieur | Remote,freelance_de,Atlassian Expert / 6+Monate+/ ASAP / Remote,Freelance.de Client,Germany/Remote,Remote,Freelance,,Expert,English,Expert,,Recent,https://www.freelance.de/projekte/projekt-1272355-Atlassian-Expert-6-Monate-ASAP-Remote,2026-06-11T15:06:58.027608+00:00
14,Testingenieur | Remote,freelance_de,Oracle HFM Senior Expert (fully remote),Freelance.de Client,Germany/Remote,Remote,Freelance,,"Senior, Expert, Oracle",English,"Expert, Senior",,Recent,https://www.freelance.de/projekte/projekt-1266552-Oracle-HFM-Senior-Expert-fully-remote,2026-06-11T15:06:58.028662+00:00
14,Testingenieur | Remote,freelance_de,#3352 Automic Berater / Bank / Frankfurt/remote,Freelance.de Client,Germany/Remote,Remote,Freelance,,Consultant,English,Consultant,,Recent,https://www.freelance.de/projekte/projekt-1273288-3352-Automic-Berater-Bank-Frankfurt-remote,2026-06-11T15:06:58.029070+00:00
14,Test Automation | Germany,freelance_de,Senior Software Engineer Test Automation (w/m/d) in ANÜ Berlin,Freelance.de Client,Germany/Remote,Remote,Freelance,Test Automation,Senior,English,Senior,,Recent,https://www.freelance.de/projekte/projekt-1271364-Senior-Software-Engineer-Test-Automation-w-m-d-in-ANUe,2026-06-11T15:07:15.562417+00:00
14,Test Automation | Germany,freelance_de,Expert Automation und Performance Test Engineer - API und Core Banking,Freelance.de Client,Germany/Remote,Remote,Freelance,,Expert,German,Expert,,Recent,https://www.freelance.de/projekte/projekt-1270038-Expert-Automation-und-Performance-Test-Engineer-API-und-Core-Banking,2026-06-11T15:07:15.562622+00:00
14,Test Automation | Germany,freelance_de,Senior Software Engineering – Test Automation & CI/CD (m/w/d),Freelance.de Client,Germany/Remote,Remote,Freelance,"Ci/Cd, Test Automation",Senior,English,Senior,,Recent,https://www.freelance.de/projekte/projekt-1271659-Senior-Software-Engineering-Test-Automation-CI-CD-m-w,2026-06-11T15:07:15.563017+00:00
14,Test Automation | Germany,freelance_de,KI Test Automation Lead (Software) - Start: 06.07. - 12 Monate (remote),Freelance.de Client,Germany/Remote,Remote,Freelance,Test Automation,Lead,English,Lead,,Recent,https://www.freelance.de/projekte/projekt-1274786-KI-Test-Automation-Lead-Software-Start-06-07-12-Monate,2026-06-11T15:07:15.563224+00:00
14,Test Automation | Germany,freelance_de,N8N Automation Consultant,Freelance.de Client,Germany/Remote,Remote,Freelance,,Consultant,English,Consultant,,Recent,https://www.freelance.de/projekte/projekt-1267902-N8N-Automation-Consultant,2026-06-11T15:07:15.563651+00:00
14,Python Developer | Germany,freelance_de,Senior Python Backend Engineer (m/f/d),Freelance.de Client,Germany/Remote,Remote,Freelance,Python,Senior,English,Senior,,Recent,https://www.freelance.de/projekte/projekt-1274463-Senior-Python-Backend-Engineer-m-f-d,2026-06-11T15:08:09.042866+00:00
14,Python Developer | Germany,freelance_de,"95% remote: Lead Backend Developer (f/m/d) Python, Kubernetes, ArgoCD",Freelance.de Client,Germany/Remote,Remote,Freelance,Python,"Lead, Kubernetes, Argocd",English,Lead,,Recent,https://www.freelance.de/projekte/projekt-1275087-95-remote-Lead-Backend-Developer-f-m-d-Python-Kubernetes,2026-06-11T15:08:09.043122+00:00
14,Python Developer | Germany,freelance_de,Senior Fullstack Python Developer (Flask/FastAPI) – Enterprise Web Applications | SÜ2 (m/w/d),Freelance.de Client,Germany/Remote,Remote,Freelance,Python,"Fastapi, Senior, Flask",English,Senior,,Recent,https://www.freelance.de/projekte/projekt-1275143-Senior-Fullstack-Python-Developer-Flask-FastAPI-Enterprise-Web-Applications,2026-06-11T15:08:09.043375+00:00
14,Python Developer | Germany,freelance_de,Senior Quant Entwickler (.NET und Python),Freelance.de Client,Germany/Remote,Remote,Freelance,Python,Senior,German,Senior,,Recent,https://www.freelance.de/projekte/projekt-1274467-Senior-Quant-Entwickler-dotNET-und-Python,2026-06-11T15:08:09.043583+00:00
14,Python Developer | Germany,freelance_de,Senior Data Engineer (Python/Databricks) (m/f/d),Freelance.de Client,Germany/Remote,Remote,Freelance,Python,"Databricks, Senior",English,Senior,,Recent,https://www.freelance.de/projekte/projekt-1274709-Senior-Data-Engineer-Python-Databricks-m-f-d,2026-06-11T15:08:09.044400+00:00
14,Python Developer | Germany,freelance_de,Senior Software Engineer (Python/Go)-,Freelance.de Client,Germany/Remote,Remote,Freelance,"Go, Python",Senior,English,Senior,,Recent,https://www.freelance.de/projekte/projekt-1271027-Senior-Software-Engineer-Python-Go,2026-06-11T15:08:09.044983+00:00
14,Python Developer | Germany,freelance_de,Senior Python Backend Engineer (m/f/d),Freelance.de Client,Germany/Remote,Remote,Freelance,Python,Senior,English,Senior,,Recent,https://www.freelance.de/projekte/projekt-1274191-Senior-Python-Backend-Engineer-m-f-d,2026-06-11T15:08:09.045404+00:00
14,Python Developer | Germany,freelance_de,Senior Data Engineer - Python (m/w/d),Freelance.de Client,Germany/Remote,Remote,Freelance,Python,Senior,English,Senior,,Recent,https://www.freelance.de/projekte/projekt-1274944-Senior-Data-Engineer-Python-m-w-d,2026-06-11T15:08:09.045601+00:00
14,Python Test | Germany,freelance_de,Senior Test Manager* #11184,Freelance.de Client,Germany/Remote,Remote,Freelance,,Senior,English,"Senior, Test Manager",,Recent,https://www.freelance.de/projekte/projekt-1273819-Senior-Test-Manager-11184,2026-06-11T15:09:01.759665+00:00
14,Python Test | Germany,freelance_de,.NET Fullstack Test Manager,Freelance.de Client,Germany/Remote,Remote,Freelance,,,English,Test Manager,,Recent,https://www.freelance.de/projekte/projekt-1274887-dotNET-Fullstack-Test-Manager,2026-06-11T15:09:01.760851+00:00
14,Python Test | Remote,freelance_de,KI Software (Senior Test Automatisierer) - Start: 06.07. - 12 Monate (remote),Freelance.de Client,Germany/Remote,Remote,Freelance,,Senior,English,Senior,,Recent,https://www.freelance.de/projekte/projekt-1274791-KI-Software-Senior-Test-Automatisierer-Start-06-07-12-Monate,2026-06-11T15:09:37.473590+00:00
14,Firmware Engineer | Remote,freelance_de,Senior DevOps Engineer (m/w/d) – Azure / Kubernetes – Remote,Freelance.de Client,D-remote,Remote,Freelance,,"Devops, Senior, Kubernetes, Expert, R, Azure",German,"Expert, Senior",,Recent,https://www.freelance.de/projekte/projekt-1274243-Senior-DevOps-Engineer-m-w-d-Azure-Kubernetes,2026-06-11T15:10:29.829160+00:00
0,Tester | Austria,freelance_de,Softwareentwickler / Programmierer Energiemanagement (m/w/d) – Österreich / Hybrid,Freelance.de Client,Germany/Remote,Remote,Freelance,,,English,,,Recent,https://www.freelance.de/projekte/projekt-1273773-Softwareentwickler-Programmierer-Energiemanagement-m-w-d-Oesterreich-Hybrid,2026-06-11T15:04:02.274689+00:00
0,Tester | Austria,freelance_de,Tester & Testautomatisierer (m/w/d),Freelance.de Client,Germany/Remote,Remote,Freelance,,,English,,,Recent,https://www.freelance.de/projekte/projekt-1267979-Tester-Testautomatisierer-m-w-d,2026-06-11T15:04:02.275609+00:00
0,Tester | Austria,freelance_de,FREELANCE // Mobile Tester // 100% Remote // Spannender Kunde,Freelance.de Client,Germany/Remote,Remote,Freelance,,,English,,,Recent,https://www.freelance.de/projekte/projekt-1271807-FREELANCE-Mobile-Tester-100-Remote-Spannender-Kunde,2026-06-11T15:04:02.275820+00:00
0,Tester | Austria,freelance_de,"SAP Tester (m/f/d) - Market Communication, FREELANCE; AUSTRIA",Freelance.de Client,Germany/Remote,Remote,Freelance,,,English,,,Recent,https://www.freelance.de/projekte/projekt-1266847-SAP-Tester-m-f-d-Market-Communication-FREELANCE-AUSTRIA,2026-06-11T15:04:02.276024+00:00
0,Tester | Austria,freelance_de,Ephesus - Softwaretest: Tester für Barrierefreiheit (m/w/d),Freelance.de Client,Germany/Remote,Remote,Freelance,,R,English,,,Recent,https://www.freelance.de/projekte/projekt-1269245-Ephesus-Softwaretest-Tester-fuer-Barrierefreiheit-m-w-d,2026-06-11T15:04:02.276259+00:00
0,Tester | Austria,freelance_de,FREELANCE // Tester (w/m/d) // Playwright // End-to-End-Tests // spannendes Projekt,Freelance.de Client,Germany/Remote,Remote,Freelance,Playwright,,English,,,Recent,https://www.freelance.de/projekte/projekt-1272565-FREELANCE-Tester-w-m-d-Playwright-End-to-End-Tests,2026-06-11T15:04:02.276681+00:00
0,Tester | Austria,freelance_de,HIL Tester im Bereich E/E (m/w/d),Freelance.de Client,Germany/Remote,Remote,Freelance,Hil,,English,,,Recent,https://www.freelance.de/projekte/projekt-1274608-HIL-Tester-im-Bereich-E-E-m-w-d,2026-06-11T15:04:02.276877+00:00
0,Tester | Austria,freelance_de,"Typtester (m/w/d) – Präzision trifft Verantwortung Berlin , Deutschland Vor Ort Freiberuflich ab sofort",Freelance.de Client,Germany/Remote,Remote,Freelance,,,English,,,Recent,https://www.freelance.de/projekte/projekt-1239308-Typtester-m-w-d-Praezision-trifft-Verantwortung-Berlin-Deutschland,2026-06-11T15:04:02.277293+00:00
0,Tester | Austria,freelance_de,Test Analyst (m/f/d),Freelance.de Client,Germany/Remote,Remote,Freelance,,,English,,,Recent,https://www.freelance.de/projekte/projekt-1258345-Test-Analyst-m-f-d,2026-06-11T15:04:02.277671+00:00
0,Tester | Remote,freelance_de,SAP TEST SPECIALIST / REMOTE,Freelance.de Client,Germany/Remote,Remote,Freelance,,,English,,,Recent,https://www.freelance.de/projekte/projekt-1273472-SAP-TEST-SPECIALIST-REMOTE,2026-06-11T15:04:20.542742+00:00
0,Tester | Remote,freelance_de,Test Engineer (m/w/d) // GR Bielefeld/remote // Mitte Juli 2026 // 18 Monate,Freelance.de Client,Germany/Remote,Remote,Freelance,,,English,,,Recent,https://www.freelance.de/projekte/projekt-1274356-Test-Engineer-m-w-d-GR-Bielefeld-remote-Mitte-Juli,2026-06-11T15:04:20.543406+00:00
0,Tester | Remote,freelance_de,Android Developer / REMOTE,Freelance.de Client,Germany/Remote,Remote,Freelance,,,English,,,Recent,https://www.freelance.de/projekte/projekt-1272734-Android-Developer-REMOTE,2026-06-11T15:04:20.544644+00:00
0,QA Engineer | Germany,freelance_de,QA Automation Engineer (m/w/d),Freelance.de Client,Germany/Remote,Remote,Freelance,,,English,,,Recent,https://www.freelance.de/projekte/projekt-1272821-QA-Automation-Engineer-m-w-d,2026-06-11T15:04:38.213649+00:00
0,QA Engineer | Germany,freelance_de,QA Associate (m/w/d),Freelance.de Client,Germany/Remote,Remote,Freelance,,Associate,English,,,Recent,https://www.freelance.de/projekte/projekt-1264833-QA-Associate-m-w-d,2026-06-11T15:04:38.214374+00:00
0,QA Engineer | Germany,freelance_de,QA Associate (m/w/d),Freelance.de Client,Germany/Remote,Remote,Freelance,,Associate,English,,,Recent,https://www.freelance.de/projekte/projekt-1267299-QA-Associate-m-w-d,2026-06-11T15:04:38.214606+00:00
0,QA Engineer | Germany,freelance_de,BIM Coordinator QA/QC - Munich Germany,Freelance.de Client,Germany/Remote,Remote,Freelance,,,English,,,Recent,https://www.freelance.de/projekte/projekt-1273661-BIM-Coordinator-QA-QC-Munich-Germany,2026-06-11T15:04:38.215353+00:00
0,QA Engineer | Germany,freelance_de,"Agiles Teammitglied (m/w/d) – QA, Testautomatisierung & Tooling",Freelance.de Client,Germany/Remote,Remote,Freelance,Test Automation,,English,,,Recent,https://www.freelance.de/projekte/projekt-1265374-Agiles-Teammitglied-m-w-d-QA-Testautomatisierung-Tooling,2026-06-11T15:04:38.215893+00:00
0,QA Engineer | Germany,freelance_de,Project Quality Engineer,Freelance.de Client,Germany/Remote,Remote,Freelance,,,English,,,Recent,https://www.freelance.de/projekte/projekt-1265597-Quality-Engineer,2026-06-11T15:04:38.216399+00:00
0,QA Engineer | Germany,freelance_de,Production Engineer,Freelance.de Client,Germany/Remote,Remote,Freelance,,,English,,,Recent,https://www.freelance.de/projekte/projekt-1274858-Production-Engineer,2026-06-11T15:04:38.216633+00:00
0,QA Engineer | Germany,freelance_de,DCS Engineer,Freelance.de Client,Germany/Remote,Remote,Freelance,,,English,,,Recent,https://www.freelance.de/projekte/projekt-1271406-DCS-Engineer,2026-06-11T15:04:38.216851+00:00
0,QA Engineer | Germany,freelance_de,Commissioning Engineer,Freelance.de Client,Germany/Remote,Remote,Freelance,,,English,,,Recent,https://www.freelance.de/projekte/projekt-1273044-Commissioning-Engineer,2026-06-11T15:04:38.217055+00:00
0,QA Engineer | Austria,freelance_de,Requirement engineer,Freelance.de Client,Germany/Remote,Remote,Freelance,,,English,,,Recent,https://www.freelance.de/projekte/projekt-1272515-Requirement-engineer,2026-06-11T15:04:55.057575+00:00
0,QA Engineer | Remote,freelance_de,FPGA Design Engineer | Defense | Remote | Start:June |,Freelance.de Client,Germany/Remote,Remote,Freelance,,Fpga,English,,,Recent,https://www.freelance.de/projekte/projekt-1270594-FPGA-Design-Engineer-Defense-Remote-Start-June,2026-06-11T15:05:12.405215+00:00
0,QA Engineer | Remote,freelance_de,Freelance System Engineer // DevOps Engineer (m/w/d) gesucht // 100% Remote // Langläufer,Freelance.de Client,Germany/Remote,Remote,Freelance,,Devops,English,,,Recent,https://www.freelance.de/projekte/projekt-1274175-Freelance-System-Engineer-DevOps-Engineer-m-w-d-gesucht-100,2026-06-11T15:05:12.405852+00:00
0,QA Engineer | Remote,freelance_de,Embedded Systems Engineer – Semiconductor Equipment | Start:ASAP | Remote,Freelance.de Client,Germany/Remote,Remote,Freelance,Embedded Systems,,English,,,Recent,https://www.freelance.de/projekte/projekt-1270270-Embedded-Systems-Engineer-Semiconductor-Equipment-Start-ASAP-Remote,2026-06-11T15:05:12.406294+00:00
0,QA Engineer | Remote,freelance_de,UI Engineer (CSS+Styled components) - 3 Months - remote,Freelance.de Client,Germany/Remote,Remote,Freelance,,,English,,,Recent,https://www.freelance.de/projekte/projekt-1265471-UI-Engineer-CSS-Styled-components-3-Months-remote,2026-06-11T15:05:12.406501+00:00
0,Test Engineer | Germany,freelance_de,Test Engineer Messdatensysteme (m/w/d),Freelance.de Client,Germany/Remote,Remote,Freelance,,,English,,,Recent,https://www.freelance.de/projekte/projekt-1273215-Test-Engineer-Messdatensysteme-m-w-d,2026-06-11T15:05:30.473754+00:00
0,Test Engineer | Germany,freelance_de,Software Test Engineer (m/w/d),Freelance.de Client,Germany/Remote,Remote,Freelance,,,English,,,Recent,https://www.freelance.de/projekte/projekt-1274291-Software-Test-Engineer-m-w-d,2026-06-11T15:05:30.473993+00:00
0,Test Engineer | Germany,freelance_de,Test Engineer (mw/d) in Arbeitnehmerüberlassung gesucht!,Freelance.de Client,Germany/Remote,Remote,Freelance,,,English,,,Recent,https://www.freelance.de/projekte/projekt-1270930-Test-Engineer-mw-d-in-Arbeitnehmerueberlassung-gesucht,2026-06-11T15:05:30.474210+00:00
0,Test Engineer | Germany,freelance_de,Test & Commissioning Engineer (m/w/d) - Umspannwerke,Freelance.de Client,Germany/Remote,Remote,Freelance,,,English,,,Recent,https://www.freelance.de/projekte/projekt-1271234-Test-Commissioning-Engineer-m-w-d-Umspannwerke,2026-06-11T15:05:30.475545+00:00
0,Test Engineer | Germany,freelance_de,System Integration & Test Engineer (m/w/d) ASAP,Freelance.de Client,Germany/Remote,Remote,Freelance,,,English,,,Recent,https://www.freelance.de/projekte/projekt-1271740-System-Integration-Test-Engineer-m-w-d-ASAP,2026-06-11T15:05:30.475752+00:00
0,Test Engineer | Germany,freelance_de,Automation Test Engineer (m/w/d) — sicherheitskritisches Umfeld,Freelance.de Client,Germany/Remote,Remote,Freelance,,,English,,,Recent,https://www.freelance.de/projekte/projekt-1274705-Automation-Test-Engineer-m-w-d-sicherheitskritisches-Umfeld,2026-06-11T15:05:30.475962+00:00
0,Test Engineer | Germany,freelance_de,"Test Automation Engineer (m/w/d) Android, (ID: 30103)",Freelance.de Client,Germany/Remote,Remote,Freelance,Test Automation,,English,,,Recent,https://www.freelance.de/projekte/projekt-1250569-Test-Automation-Engineer-m-w-d-Android-ID-30103,2026-06-11T15:05:30.476150+00:00
0,Test Engineer | Germany,freelance_de,remote: Playwright Test Automation Engineer w/m/d POS73992n Testautomatisierung,Freelance.de Client,Germany/Remote,Remote,Freelance,"Playwright, Test Automation",,English,,,Recent,https://www.freelance.de/projekte/projekt-1272971-remote-Playwright-Test-Automation-Engineer-w-m-d-POS73992n-Testautomatisierung,2026-06-11T15:05:30.476389+00:00
0,Test Engineer | Germany,freelance_de,Functional Requirements Test Engineer (w/m/d) mit Kenntnissen Gabelstaplern,Freelance.de Client,Germany/Remote,Remote,Freelance,,,German,,,Recent,https://www.freelance.de/projekte/projekt-1274678-Functional-Requirements-Test-Engineer-w-m-d-mit-Kenntnissen-Gabelstaplern,2026-06-11T15:05:30.476590+00:00
0,Test Engineer | Germany,freelance_de,DevOps Engineer (Service Layer & Test Automation) (m/w/d),Freelance.de Client,Germany/Remote,Remote,Freelance,Test Automation,Devops,English,,,Recent,https://www.freelance.de/projekte/projekt-1271056-DevOps-Engineer-Service-Layer-Test-Automation-m-w-d,2026-06-11T15:05:30.476785+00:00
0,Testingenieur | Germany,freelance_de,"Inbetriebnehmer / Testingenieur (Elektro, HV-Umfeld) (m/w/d)",Freelance.de Client,Germany/Remote,Remote,Freelance,,,English,,,Recent,https://www.freelance.de/projekte/projekt-1272114-Inbetriebnehmer-Testingenieur-Elektro-HV-Umfeld-m-w-d,2026-06-11T15:06:22.449845+00:00
0,Testingenieur | Germany,freelance_de,Programmierung IBN /DE/USA,Freelance.de Client,Germany/Remote,Remote,Freelance,,,English,,,Recent,https://www.freelance.de/projekte/projekt-1268421-Programmierung-IBN-DE-USA,2026-06-11T15:06:22.450538+00:00
0,Testingenieur | Germany,freelance_de,ASME-konforme Qualitätsüberwachung und Schweißtechnik im Anlagenbau,Freelance.de Client,Germany/Remote,Remote,Freelance,,,German,,,Recent,https://www.freelance.de/projekte/projekt-1271250-ASME-konforme-Qualitaetsueberwachung-und-Schweisstechnik-im-Anlagenbau,2026-06-11T15:06:22.451167+00:00
0,Testingenieur | Germany,freelance_de,Airframe Trainer Design & Structural Analysis,Freelance.de Client,Germany/Remote,Remote,Freelance,,,English,,,Recent,https://www.freelance.de/projekte/projekt-1274221-Airframe-Trainer-Design-Structural-Analysis,2026-06-11T15:06:22.451396+00:00
0,Testingenieur | Germany,freelance_de,Bauoberleiter / Bauüberwacher (m/w/d) Energieleitungsprojekte,Freelance.de Client,Germany/Remote,Remote,Freelance,,,English,,,Recent,https://www.freelance.de/projekte/projekt-1271170-Bauoberleiter-Bauueberwacher-m-w-d-Energieleitungse,2026-06-11T15:06:22.451615+00:00
0,Testingenieur | Germany,freelance_de,Einführungsprojekt Google Cloud (m/w/d),Freelance.de Client,Germany/Remote,Remote,Freelance,,Google Cloud,English,,,Recent,https://www.freelance.de/projekte/projekt-1275160-Einfuehrungs-Google-Cloud-m-w-d,2026-06-11T15:06:22.451820+00:00
0,Testingenieur | Germany,freelance_de,Polier (m/w/d) – Betonturmerrichtung | Windpark Onshore,Freelance.de Client,Germany/Remote,Remote,Freelance,,,English,,,Recent,https://www.freelance.de/projekte/projekt-1265096-Polier-m-w-d-Betonturmerrichtung-Windpark-Onshore,2026-06-11T15:06:22.452026+00:00
0,Testingenieur | Germany,freelance_de,HSE Manager (m/w/d),Freelance.de Client,Germany/Remote,Remote,Freelance,,,English,,,Recent,https://www.freelance.de/projekte/projekt-1268240-HSE-Manager-m-w-d,2026-06-11T15:06:22.452440+00:00
0,Testingenieur | Germany,freelance_de,Projektmanager (m/w/d) Handewitt,Freelance.de Client,Germany/Remote,Remote,Freelance,,,English,,,Recent,https://www.freelance.de/projekte/projekt-1273113-manager-m-w-d-Handewitt,2026-06-11T15:06:22.452651+00:00
0,Testingenieur | Germany,freelance_de,CAD-Planer / Bauzeichner (m/w/d),Freelance.de Client,Germany/Remote,Remote,Freelance,,,English,,,Recent,https://www.freelance.de/projekte/projekt-1272015-CAD-Planer-Bauzeichner-m-w-d,2026-06-11T15:06:22.452850+00:00
0,Testingenieur | Austria,freelance_de,Interim Financial Controller (m/w/d) | Schwerpunkt Board,Freelance.de Client,Germany/Remote,Remote,Freelance,,,English,,,Recent,https://www.freelance.de/projekte/projekt-1272301-Interim-Financial-Controller-m-w-d-Schwerpunkt-Board,2026-06-11T15:06:40.226822+00:00
0,Testingenieur | Austria,freelance_de,Freiberufliche Oracle DBA Administrator*innen (m/w/d),Freelance.de Client,Germany/Remote,Remote,Freelance,,Oracle,English,,,Recent,https://www.freelance.de/projekte/projekt-1267494-Freiberufliche-Oracle-DBA-Administrator-innen-m-w-d,2026-06-11T15:06:40.227241+00:00
0,Testingenieur | Austria,freelance_de,SPS TIA Programmierer (m/w/d),Freelance.de Client,Germany/Remote,Remote,Freelance,,,English,,,Recent,https://www.freelance.de/projekte/projekt-1266738-SPS-TIA-Programmierer-m-w-d,2026-06-11T15:06:40.227771+00:00
0,Testingenieur | Austria,freelance_de,Freelance - IT Service Desk Support (m/w/d),Freelance.de Client,Germany/Remote,Remote,Freelance,,,English,,,Recent,https://www.freelance.de/projekte/projekt-1274188-Freelance-IT-Service-Desk-Support-m-w-d,2026-06-11T15:06:40.227967+00:00
0,Testingenieur | Austria,freelance_de,Process Automation Specialist Insurance (41626-32CON),Freelance.de Client,Germany/Remote,Remote,Freelance,,,English,,,Recent,https://www.freelance.de/projekte/projekt-1273955-Process-Automation-Specialist-Insurance-41626-32CON,2026-06-11T15:06:40.228158+00:00
0,Testingenieur | Austria,freelance_de,Embedded Software Developer (m/w/d) Smart Charging,Freelance.de Client,Germany/Remote,Remote,Freelance,,,English,,,Recent,https://www.freelance.de/projekte/projekt-1271341-Embedded-Software-Developer-m-w-d-Smart-Charging,2026-06-11T15:06:40.228395+00:00
0,Testingenieur | Austria,freelance_de,Legal & Commercial Services - Contract Management Practitioner (m/w/d),Freelance.de Client,Germany/Remote,Remote,Freelance,,,English,,,Recent,https://www.freelance.de/projekte/projekt-1274093-Legal-Commercial-Services-Contract-Management-Practitioner-m-w-d,2026-06-11T15:06:40.228596+00:00
0,Testingenieur | Austria,freelance_de,IT Requirements Engineer (w/m/d),Freelance.de Client,Germany/Remote,Remote,Freelance,,,English,,,Recent,https://www.freelance.de/projekte/projekt-1274192-IT-Requirements-Engineer-w-m-d,2026-06-11T15:06:40.228783+00:00
0,Testingenieur | Remote,freelance_de,"ServiceNow-Spezialist/ Administration / Entwicklung, Remote",Freelance.de Client,Germany/Remote,Remote,Freelance,,,English,,,Recent,https://www.freelance.de/projekte/projekt-1271479-ServiceNow-Spezialist-Administration-Entwicklung-Remote,2026-06-11T15:06:58.026744+00:00
0,Testingenieur | Remote,freelance_de,REMOTE/München/Freiburg Frontend-Entwickler Next.js,Freelance.de Client,Germany/Remote,Remote,Freelance,,,English,,,Recent,https://www.freelance.de/projekte/projekt-1274587-REMOTE-Muenchen-Freiburg-Frontend-Entwickler-Next-js,2026-06-11T15:06:58.027809+00:00
0,Testingenieur | Remote,freelance_de,Aktuar (m/w/d) München/remote,Freelance.de Client,Germany/Remote,Remote,Freelance,,,English,,,Recent,https://www.freelance.de/projekte/projekt-1270720-Aktuar-m-w-d-Muenchen-remote,2026-06-11T15:06:58.028010+00:00
0,Testingenieur | Remote,freelance_de,Aktuar (m/w/d) Frankfurt/Remote,Freelance.de Client,Germany/Remote,Remote,Freelance,,,English,,,Recent,https://www.freelance.de/projekte/projekt-1267909-Aktuar-m-w-d-Frankfurt-Remote,2026-06-11T15:06:58.028213+00:00
0,Testingenieur | Remote,freelance_de,Fachplaner Schwimmbadtechnik (m/w/d) remote,Freelance.de Client,Germany/Remote,Remote,Freelance,,,English,,,Recent,https://www.freelance.de/projekte/projekt-1269395-Fachplaner-Schwimmbadtechnik-m-w-d-remote,2026-06-11T15:06:58.028868+00:00
0,Test Automation | Germany,freelance_de,Wiesbaden remote: Playwright Test Automation Engineer w/m/d POS73992 Testautomatisierung,Freelance.de Client,Germany/Remote,Remote,Freelance,"Playwright, Test Automation",,English,,,Recent,https://www.freelance.de/projekte/projekt-1272601-Wiesbaden-remote-Playwright-Test-Automation-Engineer-w-m-d-POS73992,2026-06-11T15:07:15.562194+00:00
0,Test Automation | Germany,freelance_de,Automation Engineer / Automation Specialist (m/w/d),Freelance.de Client,Germany/Remote,Remote,Freelance,,,English,,,Recent,https://www.freelance.de/projekte/projekt-1270992-Automation-Engineer-Automation-Specialist-m-w-d,2026-06-11T15:07:15.562808+00:00
0,Test Automation | Germany,freelance_de,Automation Engineer (PLC & Motion Control),Freelance.de Client,Germany/Remote,Remote,Freelance,,,English,,,Recent,https://www.freelance.de/projekte/projekt-1274087-Automation-Engineer-PLC-Motion-Control,2026-06-11T15:07:15.563449+00:00
0,Test Automation | Germany,freelance_de,Automation Developer m/f/d,Freelance.de Client,Germany/Remote,Remote,Freelance,,,English,,,Recent,https://www.freelance.de/projekte/projekt-1275212-Automation-Developer-m-f-d,2026-06-11T15:07:15.564056+00:00
0,Python Developer | Germany,freelance_de,| Machine Vision Software Developer (Python / C#) | Remote | Asap |,Freelance.de Client,Germany/Remote,Remote,Freelance,"C, Python",C#,English,,,Recent,https://www.freelance.de/projekte/projekt-1274064-Machine-Vision-Software-Developer-Python-C-Sharp-Remote-Asap,2026-06-11T15:08:09.042646+00:00
0,Python Developer | Germany,freelance_de,Data Engineer Python (m/w/d),Freelance.de Client,Germany/Remote,Remote,Freelance,Python,,English,,,Recent,https://www.freelance.de/projekte/projekt-1268150-Data-Engineer-Python-m-w-d,2026-06-11T15:08:09.043778+00:00
0,Python Developer | Germany,freelance_de,Python Engineer (m/w/d),Freelance.de Client,Germany/Remote,Remote,Freelance,Python,,English,,,Recent,https://www.freelance.de/projekte/projekt-1270166-Python-Engineer-m-w-d,2026-06-11T15:08:09.043973+00:00
0,Python Developer | Germany,freelance_de,Python Entwickler (m/w/d),Freelance.de Client,Germany/Remote,Remote,Freelance,Python,,English,,,Recent,https://www.freelance.de/projekte/projekt-1272692-Python-Entwickler-m-w-d,2026-06-11T15:08:09.044158+00:00
0,Python Developer | Germany,freelance_de,Fullstack Developer Python & React (m/w/x) // ASAP // 3 Monate + // 100% remote // Vollzeit,Freelance.de Client,Germany/Remote,Remote,Freelance,Python,React,English,,,Recent,https://www.freelance.de/projekte/projekt-1273961-Fullstack-Developer-Python-React-m-w-x-ASAP-3-Monate,2026-06-11T15:08:09.044600+00:00
0,Python Developer | Germany,freelance_de,Backend Engineer Python (m/f/d),Freelance.de Client,Germany/Remote,Remote,Freelance,Python,,English,,,Recent,https://www.freelance.de/projekte/projekt-1270696-Backend-Engineer-Python-m-f-d,2026-06-11T15:08:09.044794+00:00
0,Python Developer | Germany,freelance_de,Python Data Processor (m/w/d),Freelance.de Client,Germany/Remote,Remote,Freelance,Python,,English,,,Recent,https://www.freelance.de/projekte/projekt-1273988-Python-Data-Processor-m-w-d,2026-06-11T15:08:09.045171+00:00
0,Python Developer | Remote,freelance_de,"Infrastructure Engineer (AWS, Docker, Python) (m/w/d) 95% remote ID02895",Freelance.de Client,Germany/Remote,Remote,Freelance,Python,"Aws, Docker",English,,,Recent,https://www.freelance.de/projekte/projekt-1275179-Infrastructure-Engineer-AWS-Docker-Python-m-w-d-95-remote,2026-06-11T15:08:44.400525+00:00
0,Python Test | Germany,freelance_de,Modellierung & Test Notfallbetrieb ePA,Freelance.de Client,Germany/Remote,Remote,Freelance,,,English,,,Recent,https://www.freelance.de/projekte/projekt-1269416-Modellierung-Test-Notfallbetrieb-ePA,2026-06-11T15:09:01.761549+00:00
0,Firmware Engineer | Germany,freelance_de,Firmware & Hardware Integration Engineer – Laser-Based Measurement Platforms,Freelance.de Client,Germany/Remote,Remote,Freelance,Firmware,,English,,,Recent,https://www.freelance.de/projekte/projekt-1273717-Firmware-Hardware-Integration-Engineer-Laser-Based-Measurement-Platforms,2026-06-11T15:09:55.621009+00:00
0,Firmware Engineer | Germany,freelance_de,Electronics Engineer (m/f/d),Freelance.de Client,Germany/Remote,Remote,Freelance,,,English,,,Recent,https://www.freelance.de/projekte/projekt-1274990-Electronics-Engineer-m-f-d,2026-06-11T15:09:55.621218+00:00
0,Firmware Engineer | Germany,freelance_de,Electronics Engineer,Freelance.de Client,Germany/Remote,Remote,Freelance,,,English,,,Recent,https://www.freelance.de/projekte/projekt-1274728-Electronics-Engineer,2026-06-11T15:09:55.621449+00:00
0,Firmware Engineer | Germany,freelance_de,C++ Software Engineer – High-Precision Imaging Systems,Freelance.de Client,Germany/Remote,Remote,Freelance,"C, C++",,English,,,Recent,https://www.freelance.de/projekte/projekt-1273714-C-PlusPlus-Software-Engineer-High-Precision-Imaging-Systems,2026-06-11T15:09:55.622809+00:00
0,Firmware Engineer | Germany,freelance_de,Hardware Product Owner & Development Engineer,Freelance.de Client,Germany/Remote,Remote,Freelance,,Product Owner,English,,,Recent,https://www.freelance.de/projekte/projekt-1274840-Hardware-Product-Owner-Development-Engineer,2026-06-11T15:09:55.622996+00:00
0,Firmware Engineer | Germany,freelance_de,Hardware Product Owner & Development Engineer (m/f/d),Freelance.de Client,Germany/Remote,Remote,Freelance,,Product Owner,English,,,Recent,https://www.freelance.de/projekte/projekt-1275194-Hardware-Product-Owner-Development-Engineer-m-f-d,2026-06-11T15:09:55.623184+00:00
0,Firmware Engineer | Germany,freelance_de,Devex Platform Engineer / DevSecOps Engineer (m/w/d),Freelance.de Client,Germany/Remote,Remote,Freelance,,,English,,,Recent,https://www.freelance.de/projekte/projekt-1265937-Devex-Platform-Engineer-DevSecOps-Engineer-m-w-d,2026-06-11T15:09:55.623424+00:00
0,Firmware Engineer | Germany,freelance_de,Platform Engineer (Kubernetes) / DevOps Engineer (m/w/d),Freelance.de Client,Germany/Remote,Remote,Freelance,,"Devops, Kubernetes",English,,,Recent,https://www.freelance.de/projekte/projekt-1272625-Platform-Engineer-Kubernetes-DevOps-Engineer-m-w-d,2026-06-11T15:09:55.623625+00:00
0,Firmware Engineer | Germany,freelance_de,Field Engineer (w/m/d),Freelance.de Client,Germany/Remote,Remote,Freelance,,,English,,,Recent,https://www.freelance.de/projekte/projekt-1274226-Field-Engineer-w-m-d,2026-06-11T15:09:55.623812+00:00
0,Firmware Engineer | Remote,freelance_de,Oracle Database Engineer (m/w/d) in Remote / ZCTA237857,Freelance.de Client,Germany/Remote,Remote,Freelance,,Oracle,English,,,Recent,https://www.freelance.de/projekte/projekt-1258368-Oracle-Database-Engineer-m-w-d-in-Remote-ZCTA237857,2026-06-11T15:10:29.828157+00:00
0,Firmware Engineer | Remote,freelance_de,Linux System Engineer (m/w/d) Remote und Berlin / ZCTA238035,Freelance.de Client,Germany/Remote,Remote,Freelance,,Linux,German,,,Recent,https://www.freelance.de/projekte/projekt-1272887-Linux-System-Engineer-m-w-d-Remote-und-Berlin-ZCTA238035,2026-06-11T15:10:29.828370+00:00
0,Firmware Engineer | Remote,freelance_de,Remote/Münster - Fullstack Engineer (m/w/d) One Identity,Freelance.de Client,Germany/Remote,Remote,Freelance,,,English,,,Recent,https://www.freelance.de/projekte/projekt-1274873-Remote-Muenster-Fullstack-Engineer-m-w-d-One-Identity,2026-06-11T15:10:29.828570+00:00
0,Firmware Engineer | Remote,freelance_de,IT System Engineer – Storage (NetApp / Ceph) / remote (m/w/d),Freelance.de Client,Germany/Remote,Remote,Freelance,,,English,,,Recent,https://www.freelance.de/projekte/projekt-1271783-IT-System-Engineer-Storage-NetApp-Ceph-remote-m-w,2026-06-11T15:10:29.828767+00:00
0,Firmware Engineer | Remote,freelance_de,IT Requirements Engineer/Business Analyst (m/w/d) - 80% Remote,Freelance.de Client,Germany/Remote,Remote,Freelance,,,English,,,Recent,https://www.freelance.de/projekte/projekt-1272371-IT-Requirements-Engineer-Business-Analyst-m-w-d-80-Remote,2026-06-11T15:10:29.828963+00:00
