relevance_score,search_criteria,provider,title,company,location,work_location_type,employment_type,matching_skills,missing_skills,detected_languages,matched_roles,salary_hint,posted_at_relative,link,scraped_at
0,Test Engineer | Germany,ferchau,System Test Engineer (m/w/d),FERCHAU,Nürn­berg Deut­sch­land,Vor Ort,Full-time,,"Scrum, R, Intern, Kanban",German,,,Recent,https://touch.ferchau.com/de/de/job/495223/system-test-engineer,2026-02-25T12:10:57.937481+00:00
0,Test Engineer | Germany,ferchau,Software Test Engineer (m/w/d),FERCHAU,Nürn­berg Deut­sch­land,Vor Ort,Full-time,"Jenkins, Pytest","R, Linux",German,,,Recent,https://touch.ferchau.com/de/de/job/495214/software-test-engineer,2026-02-25T12:10:57.940814+00:00
0,Test Engineer | Germany,ferchau,Test System Engineer (m/w/d),FERCHAU,Nürn­berg Deut­sch­land,Vor Ort,Full-time,,"Matlab, R",German,,,Recent,https://touch.ferchau.com/de/de/job/479755/test-system-engineer,2026-02-25T12:10:57.946767+00:00
0,Test Engineer | Germany,ferchau,System Engineer - Radar (m/w/d),FERCHAU,Nürn­berg Deut­sch­land,Vor Ort,Full-time,,R,German,,,Recent,https://touch.ferchau.com/de/de/job/495193/system-engineer-radar,2026-02-25T12:10:57.947894+00:00
0,Test Automation | Germany,ferchau,Techniker (m/w/d) Gebäudeautomation,FERCHAU,Schwaz Öster­reich,Vor Ort,Full-time,,R,German,,,Recent,https://touch.ferchau.com/de/de/job/495199/techniker-gebaeudeautomation,2026-02-25T12:11:15.505161+00:00
0,Firmware Engineer | Germany,ferchau,FPGA-Spezialist für anspruchsvolle Hightech‑Entwicklungen (m/w/d) in Direktvermittlung,FERCHAU,Böblingen Deut­sch­land,Hybrid,Full-time,"Go, I2C, Spi, Uart","R, Vhdl, Fpga",German,,,Recent,https://touch.ferchau.com/de/de/job/495178/fpga-spezialist-fuer-anspruchsvolle-hightech-entwicklungen-in-direktvermittlung,2026-02-25T12:11:45.887197+00:00
14,Testingenieur | Germany,freelance_de,Senior Systems Engineer (m/w/d),Freelance.de Client,Germany/Remote,Remote,Freelance,,Senior,English,Senior,,Recent,https://www.freelance.de/projekte/projekt-1256235-Senior-Systems-Engineer-m-w-d,2026-02-27T11:44:16.318534+00:00
14,Python Developer | Germany,freelance_de,Senior Softwaretester (Python) - asap - 7 Monate,Freelance.de Client,Germany/Remote,Remote,Freelance,Python,Senior,English,Senior,,Recent,https://www.freelance.de/projekte/projekt-1256352-Senior-Softwaretester-Python-asap-7-Monate,2026-02-27T11:46:04.958914+00:00
0,Tester | Germany,freelance_de,Agiler Tester (m/w/d) in Kiel,Freelance.de Client,Germany/Remote,Remote,Freelance,,,English,,,Recent,https://www.freelance.de/projekte/projekt-1256300-Agiler-Tester-m-w-d-in-Kiel,2026-02-27T11:41:35.638292+00:00
0,QA Engineer | Germany,freelance_de,QA Batch Record Reviewer,Freelance.de Client,Germany/Remote,Remote,Freelance,,,English,,,Recent,https://www.freelance.de/projekte/projekt-1256251-QA-Batch-Record-Reviewer,2026-02-27T11:42:29.331972+00:00
0,QA Engineer | Germany,freelance_de,QA Specialist / Quality Operations (m/w/d) – Aseptische Sterilproduktion,Freelance.de Client,Germany/Remote,Remote,Freelance,,,English,,,Recent,https://www.freelance.de/projekte/projekt-1256266-QA-Specialist-Quality-Operations-m-w-d-Aseptische-Sterilproduktion,2026-02-27T11:42:29.332366+00:00
0,QA Engineer | Germany,freelance_de,Test Engineer,Freelance.de Client,Germany/Remote,Remote,Freelance,,,English,,,Recent,https://www.freelance.de/projekte/projekt-1256540-Test-Engineer,2026-02-27T11:42:29.333598+00:00
0,Testingenieur | Germany,freelance_de,Unterstützung im Bereich Bauleitung ELT gesucht,Freelance.de Client,Germany/Remote,Remote,Freelance,,,English,,,Recent,https://www.freelance.de/projekte/projekt-1256200-Unterstuetzung-im-Bereich-Bauleitung-ELT-gesucht,2026-02-27T11:44:16.319806+00:00
0,Testingenieur | Germany,freelance_de,Operativer/Strategischer Einkauf (m/w/d),Freelance.de Client,Germany/Remote,Remote,Freelance,,,English,,,Recent,https://www.freelance.de/projekte/projekt-1251610-Operativer-Strategischer-Einkauf-m-w-d,2026-02-27T11:44:16.320009+00:00
0,Testingenieur | Austria,freelance_de,Freelance Mechanischer Konstrukteur (m/w/d),Freelance.de Client,Germany/Remote,Remote,Freelance,,,English,,,Recent,https://www.freelance.de/projekte/projekt-1251979-Freelance-Mechanischer-Konstrukteur-m-w-d,2026-02-27T11:44:33.751532+00:00
0,Testingenieur | Remote,freelance_de,Tester:in per Remote,Freelance.de Client,Germany/Remote,Remote,Freelance,,,English,,,Recent,https://www.freelance.de/projekte/projekt-1256698-Tester-in-per-Remote,2026-02-27T11:44:52.516239+00:00
0,Python Developer | Germany,freelance_de,FREELANCE // Data Scientist // Python / PyTorch // Langläufer // Sinnstiftende Tätigkeit,Freelance.de Client,Germany/Remote,Remote,Freelance,Python,Pytorch,English,,,Recent,https://www.freelance.de/projekte/projekt-1256382-FREELANCE-Data-Scientist-Python-PyTorch-Langlaeufer-Sinnstiftende-Taetigkeit,2026-02-27T11:46:04.959120+00:00
0,Python Developer | Remote,freelance_de,Freelance // Frontend Developer // Drupal // 100% Remote,Freelance.de Client,Germany/Remote,Remote,Freelance,,,English,,,Recent,https://www.freelance.de/projekte/projekt-1256244-Freelance-Frontend-Developer-Drupal-100-Remote,2026-02-27T11:46:42.499105+00:00
0,Python Developer | Remote,freelance_de,Openstack Cinder & Manila Developer (w/m/d) - Remote,Freelance.de Client,Germany/Remote,Remote,Freelance,,,English,,,Recent,https://www.freelance.de/projekte/projekt-1256268-Openstack-Cinder-Manila-Developer-w-m-d-Remote,2026-02-27T11:46:42.499561+00:00
0,Python Developer | Remote,freelance_de,Magento Web Developer (w/m/d) Baden Württemberg / remote,Freelance.de Client,Germany/Remote,Remote,Freelance,,,English,,,Recent,https://www.freelance.de/projekte/projekt-1244815-Magento-Web-Developer-w-m-d-Baden-Wuerttemberg-remote,2026-02-27T11:46:42.504864+00:00
14,Tester | Germany,xing,(Senior) Penetration Tester / Red Teamer (m/w/d),XING Employer,Germany/Remote,Remote,Full-time,,Senior,English,Senior,,Recent,https://www.xing.com/jobs/garching-muenchen-senior-penetration-tester-red-teamer-151325751,2026-02-27T11:22:02.370724+00:00
14,Tester | Germany,xing,(Senior) Software-Testerin / Software-Tester (m/w/d) - Digitaler Behördenzugang,XING Employer,Germany/Remote,Remote,Full-time,,Senior,English,Senior,,Recent,https://www.xing.com/jobs/koeln-senior-software-testerin-software-tester-digitaler-behoerdenzugang-151386053,2026-02-27T11:22:02.371024+00:00
14,Tester | Austria,xing,Test Automation Architect (w/m/d),XING Employer,Germany/Remote,Remote,Full-time,Test Automation,Architect,English,Architect,,Recent,https://www.xing.com/jobs/wien-test-automation-architect-151373716,2026-02-27T11:22:16.504519+00:00
14,QA Engineer | Germany,xing,Senior QA Engineer,XING Employer,Germany/Remote,Remote,Full-time,,Senior,English,Senior,,Recent,https://www.xing.com/jobs/berlin-senior-qa-engineer-151387110,2026-02-27T11:22:57.003173+00:00
14,QA Engineer | Germany,xing,Senior QA Engineer (m/f/d),XING Employer,Germany/Remote,Remote,Full-time,,Senior,English,Senior,,Recent,https://www.xing.com/jobs/essen-senior-qa-engineer-151373885,2026-02-27T11:22:57.003316+00:00
14,QA Engineer | Switzerland,xing,"Senior QA Specialist, DPS (Drug Product Services) 80-100% (f/m/d)",XING Employer,Germany/Remote,Remote,Full-time,,Senior,English,Senior,,Recent,https://www.xing.com/jobs/visp-senior-qa-specialist-dps-drug-product-services-80-100-151342820,2026-02-27T11:23:24.844151+00:00
14,QA Engineer | Switzerland,xing,"Senior QA Specialist, Batch Release 80-100% (f/m/d)",XING Employer,Germany/Remote,Remote,Full-time,,Senior,English,Senior,,Recent,https://www.xing.com/jobs/visp-senior-qa-specialist-batch-release-80-100-151348260,2026-02-27T11:23:24.844248+00:00
14,Testingenieur | Germany,xing,Senior Testingenieur*in Antriebstechnik (m//d),XING Employer,Germany/Remote,Remote,Full-time,,Senior,English,Senior,,Recent,https://www.xing.com/jobs/augsburg-senior-testingenieur-antriebstechnik-151373799,2026-02-27T11:24:57.005897+00:00
14,Python Developer | Austria,xing,IT Systems Architect & Software Developer (d/m/f),XING Employer,Germany/Remote,Remote,Full-time,,Architect,English,Architect,,Recent,https://www.xing.com/jobs/premstaetten-bei-vasoldsberg-systems-architect-software-developer-151369068,2026-02-27T11:27:04.855734+00:00
14,Python Test | Germany,xing,(Senior-)Softwareentwickler Python (m/w/d) | DSIADI,XING Employer,Germany/Remote,Remote,Full-time,Python,Senior,English,Senior,,Recent,https://www.xing.com/jobs/aschheim-senior-softwareentwickler-python-dsiadi-151377556,2026-02-27T11:27:47.751279+00:00
14,Python Test | Austria,xing,Principal Embedded Software Engineer (m/f/d),XING Employer,Germany/Remote,Remote,Full-time,,Principal,English,Principal,,Recent,https://www.xing.com/jobs/gratkorn-principal-embedded-software-engineer-151373594,2026-02-27T11:28:02.140286+00:00
14,Python Test | Remote,xing,Senior Python Automation & DevOps Engineer (w/m/d),XING Employer,Germany/Remote,Remote,Full-time,Python,"Devops, Senior",English,Senior,,Recent,https://www.xing.com/jobs/remote-deutschland-senior-python-automation-devops-engineer-151340283,2026-02-27T11:28:30.067172+00:00
14,Firmware Engineer | Switzerland,xing,Senior Cyber Security Engineer / PentesterIn,XING Employer,Germany/Remote,Remote,Full-time,,Senior,English,Senior,,Recent,https://www.xing.com/jobs/bern-senior-cyber-security-engineer-pentesterin-151371352,2026-02-27T11:29:15.442151+00:00
0,Tester | Germany,xing,QA Tester (Russian)*,XING Employer,Germany/Remote,Remote,Full-time,,,English,,,Recent,https://www.xing.com/jobs/frankfurt-main-qa-tester-russian-151367042,2026-02-27T11:22:02.370624+00:00
0,Tester | Germany,xing,UjV_Tester  (m/w/d),XING Employer,Germany/Remote,Remote,Full-time,,,English,,,Recent,https://www.xing.com/jobs/frankfurt-main-ujv-tester-151321202,2026-02-27T11:22:02.370808+00:00
0,Tester | Germany,xing,Werkstudent als Lokomotiven-Tester / Produkterfasser (m/w/d) für Online Shop,XING Employer,Germany/Remote,Remote,Full-time,,"R, Working Student",English,,,Recent,https://www.xing.com/jobs/viersen-werkstudent-lokomotiven-tester-produkterfasser-online-shop-151379225,2026-02-27T11:22:02.370882+00:00
0,Tester | Germany,xing,Software Tester,XING Employer,Germany/Remote,Remote,Full-time,,,English,,,Recent,https://www.xing.com/jobs/berlin-software-tester-151387112,2026-02-27T11:22:02.370957+00:00
0,Tester | Germany,xing,Software Tester (m/w/d),XING Employer,Germany/Remote,Remote,Full-time,,,English,,,Recent,https://www.xing.com/jobs/ingolstadt-software-tester-151383501,2026-02-27T11:22:02.371086+00:00
0,Tester | Germany,xing,Software Tester (m/w/d) Verifikation Validierung,XING Employer,Germany/Remote,Remote,Full-time,,,English,,,Recent,https://www.xing.com/jobs/muenchen-software-tester-verifikation-validierung-151359263,2026-02-27T11:22:02.371170+00:00
0,Tester | Germany,xing,Junior Tester PKI Services (m/w/d),XING Employer,Germany/Remote,Remote,Full-time,,Junior,English,,,Recent,https://www.xing.com/jobs/bonn-junior-tester-pki-services-151365278,2026-02-27T11:22:02.371236+00:00
0,Tester | Switzerland,xing,Test Engineer 80-100%,XING Employer,Germany/Remote,Remote,Full-time,,,English,,,Recent,https://www.xing.com/jobs/muri-guemligen-test-engineer-80-100-151323794,2026-02-27T11:22:30.003864+00:00
0,QA Engineer | Germany,xing,QA Engineer,XING Employer,Germany/Remote,Remote,Full-time,,,English,,,Recent,https://www.xing.com/jobs/berlin-qa-engineer-151387109,2026-02-27T11:22:57.003066+00:00
0,QA Engineer | Germany,xing,QA Specialist / QA Engineer - Freelanceship - 100% remote,XING Employer,Germany/Remote,Remote,Full-time,,,English,,,Recent,https://www.xing.com/jobs/hamburg-qa-specialist-qa-engineer-freelanceship-100-remote-151354326,2026-02-27T11:22:57.003247+00:00
0,QA Engineer | Germany,xing,Software Testautomatisierer / QA Engineer (m/w/d),XING Employer,Germany/Remote,Remote,Full-time,,,English,,,Recent,https://www.xing.com/jobs/niedernberg-software-testautomatisierer-qa-engineer-151351533,2026-02-27T11:22:57.003387+00:00
0,QA Engineer | Germany,xing,"QA Engineer (freelance contract, full-time)",XING Employer,Germany/Remote,Remote,Full-time,,,English,,,Recent,https://www.xing.com/jobs/berlin-qa-engineer-freelance-contract-full-time-151358940,2026-02-27T11:22:57.003649+00:00
0,QA Engineer | Austria,xing,Supplier Quality Engineer:in,XING Employer,Germany/Remote,Remote,Full-time,,,English,,,Recent,https://www.xing.com/jobs/krems-donau-supplier-quality-engineer-151361614,2026-02-27T11:23:11.075233+00:00
0,QA Engineer | Austria,xing,Supplier Quality Engineer (m/w/d),XING Employer,Germany/Remote,Remote,Full-time,,,English,,,Recent,https://www.xing.com/jobs/krems-donau-supplier-quality-engineer-151372642,2026-02-27T11:23:11.075303+00:00
0,QA Engineer | Austria,xing,Supplier Quality Engineer (m/w/d),XING Employer,Germany/Remote,Remote,Full-time,,,English,,,Recent,https://www.xing.com/jobs/krems-donau-supplier-quality-engineer-151362984,2026-02-27T11:23:11.075369+00:00
0,QA Engineer | Switzerland,xing,QA Specialist - Pharma Complaints Quality Schaffhausen Save Saved,XING Employer,Germany/Remote,Remote,Full-time,,,English,,,Recent,https://www.xing.com/jobs/schaffhausen-qa-specialist-pharma-complaints-quality-schaffhausen-save-saved-151376844,2026-02-27T11:23:24.843847+00:00
0,QA Engineer | Switzerland,xing,"QA Specialist, Batch Record Review 80-100% (f/m/d)",XING Employer,Germany/Remote,Remote,Full-time,,,English,,,Recent,https://www.xing.com/jobs/visp-qa-specialist-batch-record-review-80-100-151342819,2026-02-27T11:23:24.843948+00:00
0,QA Engineer | Switzerland,xing,QA Manager,XING Employer,Germany/Remote,Remote,Full-time,,,English,,,Recent,https://www.xing.com/jobs/kaiseraugst-qa-manager-151364640,2026-02-27T11:23:24.844040+00:00
0,QA Engineer | Switzerland,xing,Third Party Manufacturer and Technical Transfer QA Manager- EMEA,XING Employer,Germany/Remote,Remote,Full-time,,,English,,,Recent,https://www.xing.com/jobs/basel-party-manufacturer-technical-transfer-qa-manager-emea-151368214,2026-02-27T11:23:24.844337+00:00
0,QA Engineer | Switzerland,xing,Quality Engineer – Automotive (m/f/d),XING Employer,Germany/Remote,Remote,Full-time,,,English,,,Recent,https://www.xing.com/jobs/heerbrugg-quality-engineer-automotive-151399140,2026-02-27T11:23:24.844425+00:00
0,QA Engineer | Switzerland,xing,Quality Engineer – Automotive (m/w/d),XING Employer,Germany/Remote,Remote,Full-time,,,English,,,Recent,https://www.xing.com/jobs/heerbrugg-quality-engineer-automotive-151398830,2026-02-27T11:23:24.844517+00:00
0,Test Engineer | Germany,xing,Test Automation Engineer (m/w/d) Robot Framework,XING Employer,Germany/Remote,Remote,Full-time,"Robot Framework, Test Automation",,English,,,Recent,https://www.xing.com/jobs/grasbrunn-test-automation-engineer-robot-framework-151368844,2026-02-27T11:23:54.418901+00:00
0,Test Engineer | Germany,xing,Softwaretester / Test Automation Engineer m/w/d,XING Employer,Germany/Remote,Remote,Full-time,Test Automation,,English,,,Recent,https://www.xing.com/jobs/kassel-softwaretester-test-automation-engineer-151330756,2026-02-27T11:23:54.418990+00:00
0,Test Engineer | Germany,xing,Test Automation Engineer (m/w/d) - Datenbanken,XING Employer,Germany/Remote,Remote,Full-time,Test Automation,,English,,,Recent,https://www.xing.com/jobs/duesseldorf-test-automation-engineer-datenbanken-151354514,2026-02-27T11:23:54.419058+00:00
0,Test Engineer | Germany,xing,Test Automation Engineer (m/f/d),XING Employer,Germany/Remote,Remote,Full-time,Test Automation,,English,,,Recent,https://www.xing.com/jobs/osnabrueck-test-automation-engineer-151324575,2026-02-27T11:23:54.419224+00:00
0,Test Engineer | Germany,xing,Test Automation Engineer (m/w/d) Robot Framework,XING Employer,Germany/Remote,Remote,Full-time,"Robot Framework, Test Automation",,English,,,Recent,https://www.xing.com/jobs/muenchen-test-automation-engineer-robot-framework-151378477,2026-02-27T11:23:54.419307+00:00
0,Test Engineer | Austria,xing,Test Automation Engineer (m/f/d),XING Employer,Germany/Remote,Remote,Full-time,Test Automation,,English,,,Recent,https://www.xing.com/jobs/wien-test-automation-engineer-151362557,2026-02-27T11:24:13.696367+00:00
0,Test Engineer | Switzerland,xing,Software Test Automation Engineer (Professional),XING Employer,Germany/Remote,Remote,Full-time,Test Automation,,English,,,Recent,https://www.xing.com/jobs/zuerich-software-test-automation-engineer-professional-151398725,2026-02-27T11:24:28.719702+00:00
0,Test Engineer | Switzerland,xing,Professional Test Engineer (m/w/d) - Frontend & Backend (80%) (Ref.Nr.: 46233),XING Employer,Germany/Remote,Remote,Full-time,,,English,,,Recent,https://www.xing.com/jobs/bern-professional-test-engineer-frontend-backend-80-ref-nr-46233-151359286,2026-02-27T11:24:28.719940+00:00
0,Testingenieur | Germany,xing,Testingenieur (m/w/d),XING Employer,Germany/Remote,Remote,Full-time,,,English,,,Recent,https://www.xing.com/jobs/niederwinkling-testingenieur-151381774,2026-02-27T11:24:57.005698+00:00
0,Testingenieur | Germany,xing,Junior Entwicklungs- und Testingenieur für aktive Mikrowellengeräte (m/w/d),XING Employer,Germany/Remote,Remote,Full-time,,"Junior, R",German,,,Recent,https://www.xing.com/jobs/backnang-junior-entwicklungs-testingenieur-aktive-mikrowellengeraete-151387796,2026-02-27T11:24:57.005960+00:00
0,Testingenieur | Germany,xing,Software-Testingenieur mit Schwerpunkt Automatisierung (m/w/d) - J21391,XING Employer,Germany/Remote,Remote,Full-time,,,German,,,Recent,https://www.xing.com/jobs/potsdam-software-testingenieur-mit-schwerpunkt-automatisierung-j21391-151393853,2026-02-27T11:24:57.006061+00:00
0,Testingenieur | Germany,xing,Testingenieur:in (m/w/d) Remote-Update-Funktion,XING Employer,Germany/Remote,Remote,Full-time,,,English,,,Recent,https://www.xing.com/jobs/wolfsburg-testingenieur-remote-update-funktion-151352840,2026-02-27T11:24:57.006202+00:00
0,Testingenieur | Switzerland,xing,Testengineer,XING Employer,Germany/Remote,Remote,Full-time,,,English,,,Recent,https://www.xing.com/jobs/bern-testengineer-151394821,2026-02-27T11:25:25.654538+00:00
0,Test Automation | Remote,xing,Test Automation Developer (m/w/d),XING Employer,Germany/Remote,Remote,Full-time,Test Automation,,English,,,Recent,https://www.xing.com/jobs/augsburg-test-automation-developer-151340288,2026-02-27T11:26:36.325855+00:00
0,Test Automation | Remote,xing,Werkstudent Test Automation (m/w/d),XING Employer,Germany/Remote,Remote,Full-time,Test Automation,Working Student,English,,,Recent,https://www.xing.com/jobs/berlin-werkstudent-test-automation-151385912,2026-02-27T11:26:36.326109+00:00
0,Python Developer | Germany,xing,ID: 16127 - Python Entwickler (m/w/d),XING Employer,Germany/Remote,Remote,Full-time,Python,,English,,,Recent,https://www.xing.com/jobs/leipzig-id-16127-python-entwickler-151399710,2026-02-27T11:26:49.817970+00:00
0,Python Developer | Switzerland,xing,Platform Engineer - Developer Experience (w/m/d) - mit Erfahrung und noch viel mehr Pioniergeist,XING Employer,Germany/Remote,Remote,Full-time,,,German,,,Recent,https://www.xing.com/jobs/bern-platform-engineer-developer-experience-erfahrung-pioniergeist-151364398,2026-02-27T11:27:18.372820+00:00
0,Python Developer | Switzerland,xing,Platform Engineer - Developer Experience (w/m/d) - mit Erfahrung und noch viel mehr Pioniergeist,XING Employer,Germany/Remote,Remote,Full-time,,,German,,,Recent,https://www.xing.com/jobs/bern-platform-engineer-developer-experience-erfahrung-pioniergeist-151359034,2026-02-27T11:27:18.372889+00:00
0,Python Test | Austria,xing,"Development Engineer, Digital Signal Processing (m/f/d)",XING Employer,Germany/Remote,Remote,Full-time,,,English,,,Recent,https://www.xing.com/jobs/innsbruck-development-engineer-digital-signal-processing-151330092,2026-02-27T11:28:02.140356+00:00
0,Firmware Engineer | Germany,xing,Firmware Engineer FPGA/SoC (m/w/d),XING Employer,Germany/Remote,Remote,Full-time,Firmware,"Soc, Fpga",English,,,Recent,https://www.xing.com/jobs/berlin-firmware-engineer-fpga-soc-151331441,2026-02-27T11:28:45.230539+00:00
0,Firmware Engineer | Switzerland,xing,Validation Engineer für Laborgeräte 80-100% (w/m/d),XING Employer,Germany/Remote,Remote,Full-time,,R,English,,,Recent,https://www.xing.com/jobs/herisau-validation-engineer-laborgeraete-80-100-151369996,2026-02-27T11:29:15.442070+00:00
14,QA Engineer | Germany,gulp,Business Architect Defense / Product Strategy (m/f/d),GULP Client,"Location: D8, München",On-site,Freelance,,Architect,English,Architect,,Recent,https://www.gulp.de/gulp2/g/projekte/extern/e859258a13cb11f196d7a2d1b5394681,2026-02-27T11:12:41.015136+00:00
14,QA Engineer | Germany,gulp,Dynamics 365 CRM Consultant & Developer (m/f/d),GULP Client,Location: Cologne,Remote,Freelance,,Consultant,English,Consultant,,Recent,https://www.gulp.de/gulp2/g/projekte/agentur/C01247281,2026-02-27T11:12:41.015704+00:00
14,QA Engineer | Germany,gulp,Devops / CI /CD System Architect (m/f/d) - Harness,GULP Client,Germany,Remote,Freelance,,"Architect, Senior, System Architect, Contractor, Github, Agile, Safe, Confluence, Devops, Scrum",English,"Architect, Contractor, Senior, System Architect",,Recent,https://www.gulp.de/gulp2/g/projekte/talentfinder/69a1683456a1fcd7b6545877,2026-02-27T11:12:41.016178+00:00
14,QA Engineer | Germany,gulp,"Senior Embedded Linux Software Engineer (Yocto, C++14, ARM) (m/f/d)",GULP Client,Germany,On-site,Freelance,"Arm, C, C++, Embedded Linux","Senior, Linux",English,Senior,,Recent,https://www.gulp.de/gulp2/g/projekte/extern/71e7ebaa13c311f196d7a2d1b5394681,2026-02-27T11:12:41.016654+00:00
14,QA Engineer | Germany,gulp,Senior SoftwareEngineer/Architect for the greater Ulm-Lake Constance area,GULP Client,Location: Großraum Ulm-Bodensee,Remote,Freelance,,"Architect, Senior",English,"Architect, Senior",,Recent,https://www.gulp.de/gulp2/g/projekte/direkt/69a064e4e83356962745a998,2026-02-27T11:12:41.019046+00:00
14,Python Developer | Germany,gulp,Senior C#/.NETDeveloper(Cloud / AI focus possible) (16009),GULP Client,Location: siehe Beschreibung,On-site,Freelance,C,"C#, Senior",English,Senior,,Recent,https://www.gulp.de/gulp2/g/projekte/extern/55bdb47813c811f196d7a2d1b5394681,2026-02-27T11:15:59.206592+00:00
14,Python Developer | Germany,gulp,CI/CD System Architect (m/f/d) JFrog Artifactory - Berlin/FFM & remote,GULP Client,Location: Berlin/FFM & remote,Remote,Freelance,Ci/Cd,"Architect, System Architect",English,"Architect, System Architect",,Recent,https://www.gulp.de/gulp2/g/projekte/talentfinder/69a1724556a1fcd7b6546b0f,2026-02-27T11:15:59.207208+00:00
14,Python Developer | Germany,gulp,Senior Change Manager (m/f/d),GULP Client,Location: Remote,Remote,Freelance,,Senior,English,Senior,,Recent,https://www.gulp.de/gulp2/g/projekte/extern/1093818213bb11f196d7a2d1b5394681,2026-02-27T11:15:59.210155+00:00
14,Python Developer | Germany,gulp,Expert SAP IS-U network side (m/f/d),GULP Client,Location: D3,On-site,Freelance,,Expert,English,Expert,,Recent,https://www.gulp.de/gulp2/g/projekte/extern/2256bd9e13bb11f196d7a2d1b5394681,2026-02-27T11:15:59.210631+00:00
14,Python Developer | Germany,gulp,Design Lead / Senior Solution Architect (m/f/d) - SAP FS-PM (P&C) / 100% Remote,GULP Client,Location: Frankfurt am Main,Remote,Freelance,C,"Architect, Lead, Senior, Solution Architect",English,"Architect, Lead, Senior",,Recent,https://www.gulp.de/gulp2/g/projekte/agentur/C01246762,2026-02-27T11:15:59.211968+00:00
14,Python Developer | Germany,gulp,SAP HCM Consultant (m/f/d) Partner Company,GULP Client,Location: remote,Remote,Freelance,,Consultant,English,Consultant,,Recent,https://www.gulp.de/gulp2/g/projekte/talentfinder/69a0583856a1fcd7b653ff8d,2026-02-27T11:15:59.213346+00:00
14,Firmware Engineer | Germany,gulp,HSSE expert (m/f/d),GULP Client,Location: D6,On-site,Freelance,,Expert,English,Expert,,Recent,https://www.gulp.de/gulp2/g/projekte/extern/aae80a22127c11f196d7a2d1b5394681,2026-02-27T11:17:38.603942+00:00
0,Tester | Germany,gulp,Test Engineer ICT (m/f/d),GULP Client,Germany,Remote,Freelance,,,English,,,Recent,https://www.gulp.de/gulp2/g/projekte/extern/bb69b54e127c11f196d7a2d1b5394681,2026-02-27T11:11:50.871838+00:00
0,Tester | Germany,gulp,SoftwareTester(m/f/d),GULP Client,Location: D7,On-site,Freelance,,,English,,,Recent,https://www.gulp.de/gulp2/g/projekte/extern/a8947742127c11f196d7a2d1b5394681,2026-02-27T11:11:50.872358+00:00
0,QA Engineer | Germany,gulp,Junior AnalyticsEngineer(m/f/d),GULP Client,Location: Munich,On-site,Freelance,,Junior,English,,,Recent,https://www.gulp.de/gulp2/g/projekte/agentur/C01247150,2026-02-27T11:12:41.017032+00:00
0,QA Engineer | Germany,gulp,Site Manager for Pipeline & CivilEngineering(m/f/d),GULP Client,"Location: D8, Amerdingen",On-site,Freelance,,,English,,,Recent,https://www.gulp.de/gulp2/g/projekte/extern/d3f512e2132c11f196d7a2d1b5394681,2026-02-27T11:12:41.017501+00:00
0,QA Engineer | Germany,gulp,Revit planner civilengineering+ structuralengineering(creation of object and building plans) (m/f/d),GULP Client,"Location: Remote, Schorndorf",Remote,Freelance,,,English,,,Recent,https://www.gulp.de/gulp2/g/projekte/extern/d5fcd624132c11f196d7a2d1b5394681,2026-02-27T11:12:41.018094+00:00
0,QA Engineer | Germany,gulp,Project Engineer Automation/Manufacturing (m/f/d),GULP Client,Germany,On-site,Freelance,,,English,,,Recent,https://www.gulp.de/gulp2/g/projekte/extern/c33a61c8132c11f196d7a2d1b5394681,2026-02-27T11:12:41.018573+00:00
0,QA Engineer | Germany,gulp,SAP BTP Fiori Developer (m/f/d),GULP Client,Location: Stuttgart,Remote,Freelance,,,English,,,Recent,https://www.gulp.de/gulp2/g/projekte/agentur/C01247134,2026-02-27T11:12:41.019494+00:00
0,QA Engineer | Germany,gulp,Sub-project manager for market communications (m/f/d),GULP Client,Location: Köln,On-site,Freelance,,Project Manager,English,,,Recent,https://www.gulp.de/gulp2/g/projekte/direkt/69a05a7be83356962745a2e8,2026-02-27T11:12:41.019879+00:00
0,QA Engineer | Germany,gulp,Calculator Pipeline Construction (m/f/d),GULP Client,"Location: D8, remote",Remote,Freelance,,,English,,,Recent,https://www.gulp.de/gulp2/g/projekte/extern/ad7ef4f4130211f196d7a2d1b5394681,2026-02-27T11:12:41.020423+00:00
0,QA Engineer | Germany,gulp,Scrum Master (m/f/d),GULP Client,Location: Ratisbon,Remote,Freelance,,"Scrum Master, Scrum",English,,,Recent,https://www.gulp.de/gulp2/g/projekte/agentur/C01246842,2026-02-27T11:12:41.020894+00:00
0,QA Engineer | Germany,gulp,EMSR Project Manager (m/f/d),GULP Client,"Location: D5, Leverkusen",On-site,Freelance,,Project Manager,English,,,Recent,https://www.gulp.de/gulp2/g/projekte/extern/ffd97a5a12f111f196d7a2d1b5394681,2026-02-27T11:12:41.021349+00:00
0,QA Engineer | Germany,gulp,ElectricalEngineeringManager (m/f/d),GULP Client,"Location: D2, Emden",On-site,Freelance,,,English,,,Recent,https://www.gulp.de/gulp2/g/projekte/extern/b0f191fe127c11f196d7a2d1b5394681,2026-02-27T11:12:41.021829+00:00
0,Python Developer | Germany,gulp,CI/CD Product Owner Service (m/f/d),GULP Client,Location: Remote,Remote,Freelance,Ci/Cd,Product Owner,English,,,Recent,https://www.gulp.de/gulp2/g/projekte/talentfinder/69a16c9a9ae026fc1cf80c6d,2026-02-27T11:15:59.207695+00:00
0,Python Developer | Germany,gulp,COBOLDeveloper- Depot A Stocks (m/f/d),GULP Client,"Location: keine Angabe, Frankfurt",On-site,Freelance,,,English,,,Recent,https://www.gulp.de/gulp2/g/projekte/extern/6f3a0ec413c311f196d7a2d1b5394681,2026-02-27T11:15:59.209110+00:00
0,Python Test | Germany,gulp,Support data migration SAP ECC to S/4 HANA (Finance and Controlling department) (m/f/d),GULP Client,Location: Wiesbaden,Remote,Freelance,,,English,,,Recent,https://www.gulp.de/gulp2/g/projekte/agentur/C01246934,2026-02-27T11:16:49.449622+00:00
0,Python Test | Germany,gulp,IT Administrator Firewall (m/f/d),GULP Client,Location: Munich,On-site,Freelance,,,English,,,Recent,https://www.gulp.de/gulp2/g/projekte/agentur/C01247011,2026-02-27T11:16:49.450350+00:00
0,Python Test | Germany,gulp,Qualification engineer (m/f/d),GULP Client,Location: D7,On-site,Freelance,,,English,,,Recent,https://www.gulp.de/gulp2/g/projekte/extern/a7d2fea0127c11f196d7a2d1b5394681,2026-02-27T11:16:49.451278+00:00
0,Python Test | Germany,gulp,Structural engineer for steel scaffolding systems (m/f/d),GULP Client,Location: D8,On-site,Freelance,,,English,,,Recent,https://www.gulp.de/gulp2/g/projekte/extern/8fba4b66127c11f196d7a2d1b5394681,2026-02-27T11:16:49.451743+00:00
0,Python Test | Germany,gulp,Software Developer (m/f/d),GULP Client,Location: D7,On-site,Freelance,,,English,,,Recent,https://www.gulp.de/gulp2/g/projekte/extern/aa36269a127c11f196d7a2d1b5394681,2026-02-27T11:16:49.453181+00:00
0,Python Test | Germany,gulp,Quality Manager on the construction site of a substation (m/f/d),GULP Client,"Location: D2, Büttel",On-site,Freelance,,,English,,,Recent,https://www.gulp.de/gulp2/g/projekte/extern/9f387e78127c11f196d7a2d1b5394681,2026-02-27T11:16:49.453664+00:00
0,Python Test | Germany,gulp,Programmer for Allen Bradley in Rockwell's Studio 5000 (m/f/d),GULP Client,Location: Remote,Remote,Freelance,,,English,,,Recent,https://www.gulp.de/gulp2/g/projekte/extern/962f51ee127c11f196d7a2d1b5394681,2026-02-27T11:16:49.454215+00:00
0,Python Test | Germany,gulp,Coating Inspector/ Coating Inspector (m/f/d),GULP Client,"Location: keine Angabe, Wilhelmshaven",On-site,Freelance,,,English,,,Recent,https://www.gulp.de/gulp2/g/projekte/extern/914bf7f4127c11f196d7a2d1b5394681,2026-02-27T11:16:49.454685+00:00
14,Tester | Germany,ferchau,Softwaretester Elektronik (m/w/d),FERCHAU,Remscheid Deut­sch­land,Vor Ort,Full-time,"Hil, Python","Jira, Scrum, Expert, R",German,Expert,,Recent,https://touch.ferchau.com/de/de/job/491008/softwaretester-elektronik,2026-02-27T11:56:57.371322+00:00
14,Testingenieur | Germany,ferchau,Testingenieur (m/w/d),FERCHAU,Hamburg Deut­sch­land,Remote,Full-time,Python,"Expert, R",German,Expert,,Recent,https://touch.ferchau.com/de/de/job/495745/testingenieur,2026-02-27T11:57:26.895448+00:00
0,Test Engineer | Germany,ferchau,Test Engineer Avionics Integration (m/f/d) for AIRBUS Defence & Space,FERCHAU,Manching Germany,On-Site,Full-time,"C, C++, Python",Matlab,English,,,Recent,https://touch.ferchau.com/de/de/job/495475/test-engineer-avionics-integration-for-airbus-defence-space,2026-02-27T11:57:16.958908+00:00
0,Python Developer | Germany,ferchau,Backend Entwickler (m/w/d),FERCHAU,Köln Deut­sch­land,Remote,Full-time,"C, Ci/Cd, Go, Java, Python","Agile, Devops, Node.Js, Azure, Nosql, C#, Aws, Docker, R",German,,,Recent,https://touch.ferchau.com/de/de/job/469966/backend-entwickler,2026-02-27T11:57:46.698622+00:00
0,Firmware Engineer | Germany,ferchau,Teamleiter Regelungstechnik (m/w/d) in Direktvermittlung,FERCHAU,Hamburg Deut­sch­land,Vor Ort,Full-time,,"Team Lead, R",German,,,Recent,https://touch.ferchau.com/de/de/job/485038/teamleiter-regelungstechnik-in-direktvermittlung,2026-02-27T11:58:07.748006+00:00
14,Tester | Germany,hays,Testmanager eDrive gem. ISO 26262  (m/w/d),Hays Client,Affalterbach,On-site,Contract,,Iso 26262,German,Test Manager,,25.02.26,https://www.hays.de/jobsuche/stellenangebote-jobs-detail-testmanager-edrive-gem-iso-26262--affalterbach-863460/1,2026-02-27T10:41:29.600213+00:00
14,Tester | Germany,hays,Senior Embedded Instrument Control Tester  (m/f/d),Hays Client,Rotkreuz,On-site,Contract,,Senior,English,Senior,,23.02.26,https://www.hays.de/jobsuche/stellenangebote-jobs-detail-senior-embedded-instrument-control-tester--rotkreuz-862979/1,2026-02-27T10:41:29.600840+00:00
14,Tester | Germany,hays,Test Automation Engineer (m/f/d),Hays Client,Geneva,On-site,Contract,"Python, Test Automation",Lead,English,Lead,,03.12.25,https://www.hays.de/jobsuche/stellenangebote-jobs-detail-test-automation-engineer-geneva-852260/1,2026-02-27T10:41:29.603487+00:00
14,Test Automation | Germany,hays,Consultant Tax Document Processes (Post-Migration) (m/w/d),Hays Client,Baden-Württemberg,On-site,Contract,,"R, Consultant",German,Consultant,,20.02.26,https://www.hays.de/jobsuche/stellenangebote-jobs-detail-consultant-tax-document-processes-post-migration-baden-wuerttemberg-862379/1,2026-02-27T10:42:58.703007+00:00
14,Python Developer | Germany,hays,Senior Data Warehouse Developer (Databricks) (m/f/d),Hays Client,Austria,On-site,Contract,"Ci/Cd, Github Actions, Python","Sql, Databricks, Github, Senior",English,Senior,,26.02.26,https://www.hays.de/jobsuche/stellenangebote-jobs-detail-senior-data-warehouse-developer-databricks-austria-863468/1,2026-02-27T10:43:21.846804+00:00
14,Python Test | Germany,hays,(Senior) Softwareentwickler mit Schwerpunkt TypeScript (m/w/d),Hays Client,Würzburg – Remote-friendly innerhalb DE; optional onsite/hybrid,Remote,Contract,Typescript,"Senior, R",German,Senior,,16.12.25,https://www.hays.de/jobsuche/stellenangebote-jobs-detail-senior-softwareentwickler-mit-schwerpunkt-typescript-wuerzburg--remote-friendly-innerhalb-de-optional-onsite-hybrid-850433/1,2026-02-27T10:43:43.154400+00:00
0,Test Engineer | Germany,hays,SOC Engineer  (m/w/d),Hays Client,Essen,On-site,Contract,,"R, Linux, Soc",German,,,27.02.26,https://www.hays.de/jobsuche/stellenangebote-jobs-detail-soc-engineer--essen-863817/1,2026-02-27T10:42:13.584102+00:00
0,Test Engineer | Germany,hays,Network & Security Engineer  (m/w/d),Hays Client,Remote,Remote,Contract,,,German,,,26.02.26,https://www.hays.de/jobsuche/stellenangebote-jobs-detail-network-security-engineer--remote-863410/1,2026-02-27T10:42:13.584684+00:00
0,Test Engineer | Germany,hays,Embedded Software Engineer (m/w/d),Hays Client,München,On-site,Contract,,,German,,,25.02.26,https://www.hays.de/jobsuche/stellenangebote-jobs-detail-embedded-software-engineer-muenchen-862756/1,2026-02-27T10:42:13.584949+00:00
0,Test Engineer | Germany,hays,Power Electronics Hardware Engineer (m/w/d),Hays Client,München,On-site,Contract,,,German,,,25.02.26,https://www.hays.de/jobsuche/stellenangebote-jobs-detail-power-electronics-hardware-engineer-muenchen-862757/1,2026-02-27T10:42:13.585209+00:00
0,Test Engineer | Germany,hays,Security Engineer Web (m/w/d),Hays Client,Bayern,On-site,Contract,,,German,,,13.02.26,https://www.hays.de/jobsuche/stellenangebote-jobs-detail-security-engineer-web-bayern-861381/1,2026-02-27T10:42:13.585996+00:00
0,Test Engineer | Germany,hays,IT System Engineer Network (m/w/d),Hays Client,Nürnberg,On-site,Contract,,,German,,,11.02.26,https://www.hays.de/jobsuche/stellenangebote-jobs-detail-it-system-engineer-network-nuernberg-860757/1,2026-02-27T10:42:13.586247+00:00
0,Test Engineer | Germany,hays,SAP Basis Engineer - Schwerpunkt Berechtigung (m/w/d),Hays Client,Berlin,On-site,Contract,,R,German,,,02.02.26,https://www.hays.de/jobsuche/stellenangebote-jobs-detail-sap-basis-engineer-schwerpunkt-berechtigung-berlin-849198/1,2026-02-27T10:42:13.587287+00:00
0,Test Engineer | Germany,hays,Network Support Engineer (m/w/d),Hays Client,Bremen,On-site,Contract,,,German,,,02.02.26,https://www.hays.de/jobsuche/stellenangebote-jobs-detail-network-support-engineer-bremen-859670/1,2026-02-27T10:42:13.587811+00:00
0,Test Engineer | Germany,hays,Software Engineer (Fokus: Input Management) (m/w/d),Hays Client,"Nürnberg, Hamburg oder Köln",On-site,Contract,C,C#,German,,,30.01.26,https://www.hays.de/jobsuche/stellenangebote-jobs-detail-software-engineer-fokus--input-management-nuernberg-hamburg-oder-koeln-859399/1,2026-02-27T10:42:13.588062+00:00
0,Test Engineer | Germany,hays,Application Engineer (m/w/d),Hays Client,Bundesweit,On-site,Contract,,,German,,,23.12.25,https://www.hays.de/jobsuche/stellenangebote-jobs-detail-application-engineer-bundesweit-853495/1,2026-02-27T10:42:13.588322+00:00
0,Test Engineer | Germany,hays,Quality Engineer (m/w/d),Hays Client,München,On-site,Contract,,R,German,,,16.12.25,https://www.hays.de/jobsuche/stellenangebote-jobs-detail-quality-engineer-muenchen-853647/1,2026-02-27T10:42:13.588579+00:00
0,Test Engineer | Germany,hays,Data Engineer (m/w/d),Hays Client,Wiesbaden,On-site,Contract,,,German,,,04.06.25,https://www.hays.de/jobsuche/stellenangebote-jobs-detail-data-engineer-wiesbaden-824308/1,2026-02-27T10:42:13.589139+00:00
0,Testingenieur | Germany,hays,Testingenieur Brems- und Pneumatiksysteme (m/w/d),Hays Client,Erlangen,On-site,Contract,,R,German,,,27.02.26,https://www.hays.de/jobsuche/stellenangebote-jobs-detail-testingenieur-brems--und-pneumatiksysteme-erlangen-863797/1,2026-02-27T10:42:37.016737+00:00
0,Test Automation | Germany,hays,Versuchsingenieur (m/w/d),Hays Client,Aschaffenburg,On-site,Contract,,,German,,,27.02.26,https://www.hays.de/jobsuche/stellenangebote-jobs-detail-versuchsingenieur-aschaffenburg-863728/1,2026-02-27T10:42:58.701378+00:00
0,Test Automation | Germany,hays,Technischer Angebotsmanager (m/w/d),Hays Client,Berlin,On-site,Contract,,,German,,,27.02.26,https://www.hays.de/jobsuche/stellenangebote-jobs-detail-technischer-angebotsmanager-berlin-857493/1,2026-02-27T10:42:58.701680+00:00
0,Test Automation | Germany,hays,Finanzbuchhalter Schwerpunkt Kreditoren (m/w/d),Hays Client,Duisburg,On-site,Contract,,,German,,,24.02.26,https://www.hays.de/jobsuche/stellenangebote-jobs-detail-finanzbuchhalter-schwerpunkt-kreditoren-duisburg-862726/1,2026-02-27T10:42:58.702198+00:00
0,Test Automation | Germany,hays,IT Security & Compliance Analyst  (m/w/d),Hays Client,Hamburg,On-site,Contract,,R,German,,,23.02.26,https://www.hays.de/jobsuche/stellenangebote-jobs-detail-it-security-compliance-analyst--hamburg-862836/1,2026-02-27T10:42:58.702455+00:00
0,Test Automation | Germany,hays,Credit Analyst  (m/w/d),Hays Client,Bad Homburg,On-site,Contract,,R,German,,,18.02.26,https://www.hays.de/jobsuche/stellenangebote-jobs-detail-credit-analyst--bad-homburg-862311/1,2026-02-27T10:42:58.703512+00:00
0,Test Automation | Germany,hays,Projektingenieur Elektrotechnik (m/w/d),Hays Client,Berlin,On-site,Contract,,R,German,,,13.02.26,https://www.hays.de/jobsuche/stellenangebote-jobs-detail-projektingenieur-elektrotechnik-berlin-855405/1,2026-02-27T10:42:58.704034+00:00
0,Test Automation | Germany,hays,Automatisierungstechniker (m/w/d),Hays Client,Mecklenburg-Vorpomm.,On-site,Contract,,,German,,,07.01.26,https://www.hays.de/jobsuche/stellenangebote-jobs-detail-automatisierungstechniker-mecklenburg-vorpomm-855676/1,2026-02-27T10:42:58.705039+00:00
0,Test Automation | Germany,hays,Abteilungsleiter chemisches Analyselabor (m/w/d),Hays Client,Hamburg,On-site,Contract,,"R, Head Of",German,,,03.12.25,https://www.hays.de/jobsuche/stellenangebote-jobs-detail-abteilungsleiter-chemisches-analyselabor-hamburg-851945/1,2026-02-27T10:42:58.706067+00:00
0,Test Automation | Germany,hays,Elektriker für Automatisierungstechnik (m/w/d),Hays Client,Mannheim,On-site,Contract,,R,German,,,18.06.25,https://www.hays.de/jobsuche/stellenangebote-jobs-detail-elektriker-fuer-automatisierungstechnik-mannheim-826448/1,2026-02-27T10:42:58.706313+00:00
0,Python Test | Germany,hays,Versicherungsmathematiker/in Leben (m/w/d),Hays Client,München,On-site,Contract,,R,German,,,26.02.26,https://www.hays.de/jobsuche/stellenangebote-jobs-detail-versicherungsmathematiker-in-leben-muenchen-856545/1,2026-02-27T10:43:43.153363+00:00
14,Test Automation | Germany,solcom,Weitere Projekte,SOLCOM Client,Remote,Remote,Freelance,,"Freelancer, Expert, R",German,"Expert, Freelancer",,Recent,https://www.solcom.de/de/projektportal/projektangebote/programmierer-fuer-allen-bradley-im-studio-5000-von-rockwell-m-w-d-104551,2026-02-27T10:50:07.765301+00:00
0,Tester | Germany,solcom,Test- und Qua­li­täts­ma­nage­ment (m/w/d),SOLCOM Client,Remote,Remote,Freelance,,,German,,,Recent,https://www.solcom.de/de/projektportal/projektangebote/test-und-qualitaetsmanagement-m-w-d-104581,2026-02-27T10:45:58.303712+00:00
0,Test Engineer | Germany,solcom,"Se­ni­or Em­bed­ded Linux Soft­ware En­gi­neer (Yocto, C++14, ARM) (m/w/d)",SOLCOM Client,D8,On-site,Freelance,"Arm, C, C++",Linux,English,,,Recent,https://www.solcom.de/de/projektportal/projektangebote/senior-embedded-linux-software-engineer-yocto-c-14-arm-m-w-d-104586,2026-02-27T10:48:01.776036+00:00
0,Test Engineer | Germany,solcom,Re­qui­re­ment En­gi­nee­ring for CRA & Mi­gra­ti­on Pro­ject (m/w/d),SOLCOM Client,Remote,Remote,Freelance,,,English,,,Recent,https://www.solcom.de/de/projektportal/projektangebote/requirement-engineering-for-cra-migration-project-m-w-d-104575,2026-02-27T10:48:01.776155+00:00
44,Firmware Engineer | Poland,linkedin,Senior Software Test Engineer,Intellias,Poland,On-site,Full-time,,Senior,English,Senior,,Recent,https://pl.linkedin.com/jobs/view/senior-software-test-engineer-at-intellias-4376574334,2026-02-27T10:38:19.246081+00:00
29,Testingenieur | USA,linkedin,Manufacturing Test Engineer,Intellectt Inc,"Skaneateles, NY",On-site,Full-time,,,English,,,Recent,https://www.linkedin.com/jobs/view/manufacturing-test-engineer-at-intellectt-inc-4375715749,2026-02-27T10:36:53.797143+00:00
29,Python Test | USA,linkedin,Software QA Automation Engineer,Apple,"Cupertino, CA",On-site,Full-time,,,English,,,Recent,https://www.linkedin.com/jobs/view/software-qa-automation-engineer-at-apple-4377658214,2026-02-27T10:38:00.007924+00:00
29,Python Test | USA,linkedin,Software Quality Engineer - Maps,Apple,"Cupertino, CA",On-site,Full-time,,,English,,,Recent,https://www.linkedin.com/jobs/view/software-quality-engineer-maps-at-apple-4376956238,2026-02-27T10:38:00.008238+00:00
14,Tester | Slovakia,linkedin,Senior QA Automation Engineer (E2E Test Automation Engineer),Deutsche Telekom IT Solutions Slovakia,"Košice-Juh, Kosice, Slovakia",On-site,Full-time,Test Automation,Senior,English,Senior,,Recent,https://sk.linkedin.com/jobs/view/senior-qa-automation-engineer-e2e-test-automation-engineer-at-deutsche-telekom-it-solutions-slovakia-4378638366,2026-02-27T10:35:40.744308+00:00
14,QA Engineer | Poland,linkedin,Senior QA Engineer,Pismo,"Warsaw, Mazowieckie, Poland",On-site,Full-time,,Senior,English,Senior,,Recent,https://pl.linkedin.com/jobs/view/senior-qa-engineer-at-pismo-4377254103,2026-02-27T10:36:07.189729+00:00
14,QA Engineer | United Kingdom,linkedin,Senior QA Engineer,Huel,"Birmingham, England, United Kingdom",On-site,Full-time,,Senior,English,Senior,,Recent,https://uk.linkedin.com/jobs/view/senior-qa-engineer-at-huel-4376899550,2026-02-27T10:36:12.175639+00:00
14,Test Automation | Germany,linkedin,Test Automation Engineer,European Tech Recruit,"Dresden, Saxony, Germany",On-site,Full-time,"Ci/Cd, Python, Robot Framework, Test Automation","Senior, Grafana, Microservices, Junit, Gitlab, Testng, Restassured, Kubernetes, Prometheus, Devops",English,Senior,,Recent,https://de.linkedin.com/jobs/view/test-automation-engineer-at-european-tech-recruit-4377162087,2026-02-27T10:36:58.675275+00:00
14,Python Developer | Switzerland,linkedin,Senior Python Engineer 80-100%,Swiss Light Source,"Villigen, Aargau, Switzerland",Remote,Full-time,Python,Senior,English,Senior,,Recent,https://ch.linkedin.com/jobs/view/senior-python-engineer-80-100%25-at-swiss-light-source-4377024216,2026-02-27T10:37:25.595461+00:00
14,Python Developer | Switzerland,linkedin,Senior Python Engineer 80-100%,PSI Laboratory for Energy Systems Analysis (LEA),"Villigen, Aargau, Switzerland",Remote,Full-time,Python,Senior,English,Senior,,Recent,https://ch.linkedin.com/jobs/view/senior-python-engineer-80-100%25-at-psi-laboratory-for-energy-systems-analysis-lea-4375770956,2026-02-27T10:37:25.595866+00:00
14,Python Developer | Switzerland,linkedin,Software Engineer - Backend Lead (Python / C#),Manukai,"Zurich, Zurich, Switzerland",On-site,Full-time,"C, Python","Lead, C#",English,Lead,,Recent,https://ch.linkedin.com/jobs/view/software-engineer-backend-lead-python-c%23-at-manukai-4374568095,2026-02-27T10:37:25.596270+00:00
14,Python Developer | United Kingdom,linkedin,"Senior Python Engineer, £700/day (Outside IR35)",Manchester Digital,"Manchester, England, United Kingdom",On-site,Full-time,Python,Senior,English,Senior,,Recent,https://uk.linkedin.com/jobs/view/senior-python-engineer-%C2%A3700-day-outside-ir35-at-manchester-digital-4374314346,2026-02-27T10:37:40.509497+00:00
14,Python Test | Remote,linkedin,"Senior Python Engineer - AI Testing Project (Freelance, Mindrift)",Mindrift,"Berlin, Berlin, Germany",Remote,Contract,Python,Senior,English,Senior,,Recent,https://de.linkedin.com/jobs/view/senior-python-engineer-ai-testing-project-freelance-mindrift-at-mindrift-4376549284,2026-02-27T10:37:50.222926+00:00
14,Python Test | Czech Republic,linkedin,Senior Quality Engineer,BD Nogales Norte,"Santo Domingo, Distrito Nacional, Dominican Republic",On-site,Full-time,,Senior,English,Senior,,Recent,https://do.linkedin.com/jobs/view/senior-quality-engineer-at-bd-nogales-norte-4378364739,2026-02-27T10:37:54.941529+00:00
14,Python Test | United Kingdom,linkedin,Senior QA Automation Engineer,OpenBet,"London, England, United Kingdom",On-site,Full-time,,Senior,English,Senior,,Recent,https://uk.linkedin.com/jobs/view/senior-qa-automation-engineer-at-openbet-4377278761,2026-02-27T10:38:02.469590+00:00
14,Firmware Engineer | Switzerland,linkedin,Senior Java Software Engineer (70 - 100%),Smart Energy Link AG,"Bern, Berne, Switzerland",Remote,Full-time,Java,Senior,English,Senior,,Recent,https://ch.linkedin.com/jobs/view/senior-java-software-engineer-70-100%25-at-smart-energy-link-ag-4376079445,2026-02-27T10:38:09.676808+00:00
14,Firmware Engineer | Switzerland,linkedin,Senior Software Engineer,Ripple,"Geneva, Geneva, Switzerland",On-site,Full-time,,Senior,English,Senior,,Recent,https://ch.linkedin.com/jobs/view/senior-software-engineer-at-ripple-4377610063,2026-02-27T10:38:09.677367+00:00
14,Firmware Engineer | Switzerland,linkedin,Staff Software Engineer,Ripple,"Geneva, Geneva, Switzerland",On-site,Full-time,,Staff,English,Staff,,Recent,https://ch.linkedin.com/jobs/view/staff-software-engineer-at-ripple-4375753615,2026-02-27T10:38:09.677628+00:00
14,Firmware Engineer | Czech Republic,linkedin,Senior Embedded Firmware Engineer - Remote - Latin America,FullStack,"San Pedro de Macorís, San Pedro de Macorís, Dominican Republic",Remote,Full-time,Firmware,Senior,English,Senior,,Recent,https://do.linkedin.com/jobs/view/senior-embedded-firmware-engineer-remote-latin-america-at-fullstack-4370568118,2026-02-27T10:38:16.781692+00:00
14,Firmware Engineer | Czech Republic,linkedin,Senior Embedded Firmware Engineer - Remote - Latin America,FullStack,"Santo Domingo Este, Santo Domingo, Dominican Republic",Remote,Full-time,Firmware,Senior,English,Senior,,Recent,https://do.linkedin.com/jobs/view/senior-embedded-firmware-engineer-remote-latin-america-at-fullstack-4370561266,2026-02-27T10:38:16.782126+00:00
14,Firmware Engineer | Czech Republic,linkedin,Senior Embedded Firmware Engineer - Remote - Latin America,FullStack,"Higüey, La Altagracia, Dominican Republic",Remote,Full-time,Firmware,Senior,English,Senior,,Recent,https://do.linkedin.com/jobs/view/senior-embedded-firmware-engineer-remote-latin-america-at-fullstack-4370568110,2026-02-27T10:38:16.782526+00:00
14,Firmware Engineer | United Kingdom,linkedin,Embedded Software Engineer,Purposeology,"City Of London, England, United Kingdom",Hybrid,Internship,"C, C++, Firmware, Rtos","Senior, Linux",English,Senior,,Recent,https://uk.linkedin.com/jobs/view/embedded-software-engineer-at-purposeology-4378658539,2026-02-27T10:38:24.324401+00:00
0,Tester | Germany,linkedin,(Junior) Software Tester / QA Engineer (f/m/d),ACCURIDS,"Cologne, North Rhine-Westphalia, Germany",Remote,Full-time,"Can, Test Automation","Regression Testing, Junior, R, Confluence, Jira, Linux",English,,,Recent,https://de.linkedin.com/jobs/view/junior-software-tester-qa-engineer-f-m-d-at-accurids-4375501947,2026-02-27T10:35:31.321926+00:00
0,Tester | Germany,linkedin,App-Tester  (m/w/d),clickworker,Germany,On-site,Full-time,,,English,,,Recent,https://de.linkedin.com/jobs/view/app-tester-m-w-d-at-clickworker-4375907759,2026-02-27T10:35:31.322607+00:00
0,Tester | Austria,linkedin,Software Engineer in Test,Apprize Technology Solutions,"Vienna, Austria",On-site,Full-time,,,English,,,Recent,https://at.linkedin.com/jobs/view/software-engineer-in-test-at-apprize-technology-solutions-4374843694,2026-02-27T10:35:33.654762+00:00
0,Tester | Switzerland,linkedin,Professional Test Engineer (m/w/d) - Frontend & Backend (80%) (Ref.Nr.: 46233),Wavestone,"Bern, Berne, Switzerland",On-site,Full-time,,,English,,,Recent,https://ch.linkedin.com/jobs/view/professional-test-engineer-m-w-d-frontend-backend-80%25-ref-nr-46233-at-wavestone-4375553622,2026-02-27T10:35:35.992406+00:00
0,Tester | Remote,linkedin,Test Case Engineer (m/w/d),citema systems GmbH,Germany,Remote,Full-time,,,English,,,Recent,https://de.linkedin.com/jobs/view/test-case-engineer-m-w-d-at-citema-systems-gmbh-4375507904,2026-02-27T10:35:38.358583+00:00
0,Tester | Remote,linkedin,Flight Test Quality Engineer (m/w/d),XTENDED ENGINEERING GMBH,"Munich, Bavaria, Germany",Remote,Full-time,,,English,,,Recent,https://de.linkedin.com/jobs/view/flight-test-quality-engineer-m-w-d-at-xtended-engineering-gmbh-4378393752,2026-02-27T10:35:38.358852+00:00
0,Tester | Czech Republic,linkedin,Líder Tester Automatizador TI,Banco Popular Dominicano,"Santo Domingo, Dominican Republic",On-site,Full-time,,,English,,,Recent,https://do.linkedin.com/jobs/view/l%C3%ADder-tester-automatizador-ti-at-banco-popular-dominicano-4375210809,2026-02-27T10:35:43.107539+00:00
0,Tester | Czech Republic,linkedin,Coordinator.MFG.Maintenance,Eaton,"Santiago de los Caballeros, Santiago, Dominican Republic",On-site,Full-time,,,English,,,Recent,https://do.linkedin.com/jobs/view/coordinator-mfg-maintenance-at-eaton-4375530633,2026-02-27T10:35:43.108263+00:00
0,Tester | Poland,linkedin,Junior Game Tester (FPS Player),8Bit - Games Industry Recruitment,"Warsaw, Mazowieckie, Poland",On-site,Full-time,,Junior,English,,,Recent,https://pl.linkedin.com/jobs/view/junior-game-tester-fps-player-at-8bit-games-industry-recruitment-4377829596,2026-02-27T10:35:45.493029+00:00
0,Tester | Poland,linkedin,Manual Tester,ipracujzdalnie.pl,"Poznań, Wielkopolskie, Poland",On-site,Full-time,,,English,,,Recent,https://pl.linkedin.com/jobs/view/manual-tester-at-ipracujzdalnie-pl-4378376979,2026-02-27T10:35:45.493725+00:00
0,Tester | USA,linkedin,Game Tester,Haystack,"Philadelphia, PA",On-site,Full-time,,,English,,,Recent,https://www.linkedin.com/jobs/view/game-tester-at-haystack-4377245752,2026-02-27T10:35:48.073238+00:00
0,Tester | USA,linkedin,[Entry Level] Software Tester,Lensa,"Bellevue, WA",On-site,Full-time,,,English,,,Recent,https://www.linkedin.com/jobs/view/entry-level-software-tester-at-lensa-4378670996,2026-02-27T10:35:48.073412+00:00
0,Tester | USA,linkedin,[Entry Level] Software Tester,Lensa,"Plano, TX",On-site,Full-time,,,English,,,Recent,https://www.linkedin.com/jobs/view/entry-level-software-tester-at-lensa-4378691026,2026-02-27T10:35:48.073559+00:00
0,Tester | USA,linkedin,Grain Grader,The Mennel Milling Company,"West Point, VA",On-site,Full-time,,,English,,,Recent,https://www.linkedin.com/jobs/view/grain-grader-at-the-mennel-milling-company-4376435608,2026-02-27T10:35:48.073699+00:00
0,Tester | USA,linkedin,Game Tester,Haystack,"Casper, WY",On-site,Full-time,,,English,,,Recent,https://www.linkedin.com/jobs/view/game-tester-at-haystack-4377262167,2026-02-27T10:35:48.073833+00:00
0,Tester | USA,linkedin,Manual QA Analyst,Lensa,United States,On-site,Full-time,,,English,,,Recent,https://www.linkedin.com/jobs/view/manual-qa-analyst-at-lensa-4378680308,2026-02-27T10:35:48.073984+00:00
0,Tester | USA,linkedin,Remote Manual QA Tester,Lensa,"Hartford, CT",Remote,Full-time,,,English,,,Recent,https://www.linkedin.com/jobs/view/remote-manual-qa-tester-at-lensa-4378677401,2026-02-27T10:35:48.074113+00:00
0,Tester | USA,linkedin,Quality Assurance (QA) Tester - Appian,Groundswell,"Wisconsin, United States",On-site,Full-time,,,English,,,Recent,https://www.linkedin.com/jobs/view/quality-assurance-qa-tester-appian-at-groundswell-4374535305,2026-02-27T10:35:48.074243+00:00
0,Tester | USA,linkedin,[Entry Level] Software Tester / Field Tester,Lensa,"Plano, TX",Remote,Contract,Can,Data Science,English,,,Recent,https://www.linkedin.com/jobs/view/entry-level-software-tester-field-tester-at-lensa-4378678354,2026-02-27T10:35:48.074498+00:00
0,Tester | United Kingdom,linkedin,Quality Engineer : Manual Software Testing (Hybrid),TipTopJob,"Durham, England, United Kingdom",Hybrid,Full-time,,,English,,,Recent,https://uk.linkedin.com/jobs/view/quality-engineer-manual-software-testing-hybrid-at-tiptopjob-4378665703,2026-02-27T10:35:50.508432+00:00
0,Tester | United Kingdom,linkedin,Software Test Engineer,hackajob,"Manchester, England, United Kingdom",On-site,Full-time,,,English,,,Recent,https://uk.linkedin.com/jobs/view/software-test-engineer-at-hackajob-4376008589,2026-02-27T10:35:50.508576+00:00
0,Tester | United Kingdom,linkedin,QA Tester Contract UK,Satalia,"London, England, United Kingdom",On-site,Contract,,,English,,,Recent,https://uk.linkedin.com/jobs/view/qa-tester-contract-uk-at-satalia-4378043816,2026-02-27T10:35:50.509128+00:00
0,Tester | United Kingdom,linkedin,Software Engineer in Test,Plan A Digital,"London Area, United Kingdom",On-site,Full-time,,,English,,,Recent,https://uk.linkedin.com/jobs/view/software-engineer-in-test-at-plan-a-digital-4377159714,2026-02-27T10:35:50.509378+00:00
0,Tester | United Kingdom,linkedin,Software Engineer in Test,Response Informatics,"Greater London, England, United Kingdom",On-site,Full-time,,,English,,,Recent,https://uk.linkedin.com/jobs/view/software-engineer-in-test-at-response-informatics-4376589691,2026-02-27T10:35:50.509510+00:00
0,QA Engineer | Germany,linkedin,QA Engineer (m/w/d),Cordes & Graefe KG,"Stuhr, Lower Saxony, Germany",On-site,Full-time,,,English,,,Recent,https://de.linkedin.com/jobs/view/qa-engineer-m-w-d-at-cordes-graefe-kg-4376414824,2026-02-27T10:35:52.857295+00:00
0,QA Engineer | Germany,linkedin,Quality Assurance Engineer (f/m/d),ng-voice,"Hamburg, Germany",On-site,Full-time,,,English,,,Recent,https://de.linkedin.com/jobs/view/quality-assurance-engineer-f-m-d-at-ng-voice-4376545858,2026-02-27T10:35:52.857566+00:00
0,QA Engineer | Austria,linkedin,QA Engineer (AI native),nyra health,"Vienna, Austria",On-site,Full-time,,,English,,,Recent,https://at.linkedin.com/jobs/view/qa-engineer-ai-native-at-nyra-health-4375908604,2026-02-27T10:35:55.221950+00:00
0,QA Engineer | Austria,linkedin,QA Engineer (m/f/d),netcup,Greater Graz,On-site,Full-time,,,English,,,Recent,https://at.linkedin.com/jobs/view/qa-engineer-m-f-d-at-netcup-4377577627,2026-02-27T10:35:55.222229+00:00
0,QA Engineer | Switzerland,linkedin,QA Software Engineer,Bucher + Suter,Greater Bern Area,On-site,Internship,"Ci/Cd, Playwright, Test Automation, Typescript","Scrum, Gitlab, R, Devops",German,,,Recent,https://ch.linkedin.com/jobs/view/qa-software-engineer-at-bucher-%2B-suter-4377833517,2026-02-27T10:35:57.571717+00:00
0,QA Engineer | Switzerland,linkedin,QA Automation Engineer,SwissPeak Partners,"Zurich, Switzerland",On-site,Full-time,,,English,,,Recent,https://ch.linkedin.com/jobs/view/qa-automation-engineer-at-swisspeak-partners-4375531879,2026-02-27T10:35:57.571990+00:00
0,QA Engineer | Switzerland,linkedin,Quality Assurance Engineer,Rayner,"St Gallen, Switzerland",On-site,Full-time,,,English,,,Recent,https://ch.linkedin.com/jobs/view/quality-assurance-engineer-at-rayner-4377842716,2026-02-27T10:35:57.572251+00:00
0,QA Engineer | Remote,linkedin,"QA Engineer (freelance contract, full-time)",Lumiform,Germany,Remote,Internship,,"Regression Testing, Swift, Vue.Js, Php, Kotlin",English,,,Recent,https://de.linkedin.com/jobs/view/qa-engineer-freelance-contract-full-time-at-lumiform-4375538991,2026-02-27T10:35:59.991519+00:00
0,QA Engineer | Remote,linkedin,QA Specialist / QA Engineer - Freelanceship - 100% remote,Accelerated,Germany,Remote,Contract,,,English,,,Recent,https://de.linkedin.com/jobs/view/qa-specialist-qa-engineer-freelanceship-100%25-remote-at-accelerated-4375554271,2026-02-27T10:35:59.991683+00:00
0,QA Engineer | Slovakia,linkedin,QA Engineer,Ruby Labs,Slovakia,On-site,Full-time,,Ruby,English,,,Recent,https://sk.linkedin.com/jobs/view/qa-engineer-at-ruby-labs-4378609933,2026-02-27T10:36:02.376396+00:00
0,QA Engineer | Slovakia,linkedin,QA Engineer,BlueThrone,"Bratislava, Bratislava, Slovakia",On-site,Full-time,,,English,,,Recent,https://sk.linkedin.com/jobs/view/qa-engineer-at-bluethrone-4376747328,2026-02-27T10:36:02.377255+00:00
0,QA Engineer | Slovakia,linkedin,Automotive SQA/STA Engineers (Supplier Quality) - UTT0902,Ubique Systems,"Nitra Region, Slovakia",On-site,Full-time,,,English,,,Recent,https://sk.linkedin.com/jobs/view/automotive-sqa-sta-engineers-supplier-quality-utt0902-at-ubique-systems-4374291043,2026-02-27T10:36:02.377513+00:00
0,QA Engineer | Poland,linkedin,Manual QA Engineer (Web&Mobile) (f/m/d),ITRex Group,Poland,Remote,Full-time,,,English,,,Recent,https://pl.linkedin.com/jobs/view/manual-qa-engineer-web-mobile-f-m-d-at-itrex-group-4375020131,2026-02-27T10:36:07.189405+00:00
0,QA Engineer | Poland,linkedin,"QA Engineer (worldwide remote, work anywhere)",CloudLinux,"Warsaw, Mazowieckie, Poland",Remote,Full-time,,,English,,,Recent,https://pl.linkedin.com/jobs/view/qa-engineer-worldwide-remote-work-anywhere-at-cloudlinux-4375544173,2026-02-27T10:36:07.190017+00:00
0,QA Engineer | Poland,linkedin,"QA Automation Engineer (Krakow, Hybrid)",First Advantage,Cracow Metropolitan Area,Hybrid,Full-time,,,English,,,Recent,https://pl.linkedin.com/jobs/view/qa-automation-engineer-krakow-hybrid-at-first-advantage-4376818571,2026-02-27T10:36:07.190280+00:00
0,QA Engineer | Poland,linkedin,AI/ML QA Engineer,speedapp,"Warsaw, Mazowieckie, Poland",On-site,Full-time,,,English,,,Recent,https://pl.linkedin.com/jobs/view/ai-ml-qa-engineer-at-speedapp-4376820653,2026-02-27T10:36:07.190547+00:00
0,QA Engineer | USA,linkedin,Quality Assurance Engineer,Brightpath Associates LLC,"Huntsville, AL",On-site,Full-time,,,English,,,Recent,https://www.linkedin.com/jobs/view/quality-assurance-engineer-at-brightpath-associates-llc-4374594460,2026-02-27T10:36:09.807343+00:00
0,QA Engineer | USA,linkedin,Quality Assurance Engineer,BCP Engineers & Consultants,Los Angeles Metropolitan Area,On-site,Full-time,,,English,,,Recent,https://www.linkedin.com/jobs/view/quality-assurance-engineer-at-bcp-engineers-consultants-4376822758,2026-02-27T10:36:09.807730+00:00
0,QA Engineer | USA,linkedin,Quality Assurance Engineer (Medical Device Manufacture),Keller Executive Search,"Gallaway, TN",On-site,Full-time,,,English,,,Recent,https://www.linkedin.com/jobs/view/quality-assurance-engineer-medical-device-manufacture-at-keller-executive-search-4377188304,2026-02-27T10:36:09.808135+00:00
0,QA Engineer | United Kingdom,linkedin,Quality Assurance Engineer,Langham Recruitment,United Kingdom,Remote,Full-time,"Ci/Cd, Playwright",Jira,English,,,Recent,https://uk.linkedin.com/jobs/view/quality-assurance-engineer-at-langham-recruitment-4374287229,2026-02-27T10:36:12.175463+00:00
0,QA Engineer | United Kingdom,linkedin,Quality Assurance Automation Engineer,SR2 | Socially Responsible Recruitment | Certified B Corporation™,"London Area, United Kingdom",On-site,Full-time,,,English,,,Recent,https://uk.linkedin.com/jobs/view/quality-assurance-automation-engineer-at-sr2-socially-responsible-recruitment-certified-b-corporation%E2%84%A2-4374505746,2026-02-27T10:36:12.176064+00:00
0,QA Engineer | United Kingdom,linkedin,Quality Assurance Automation Engineer,Retelligence,"London Area, United Kingdom",On-site,Full-time,,,English,,,Recent,https://uk.linkedin.com/jobs/view/quality-assurance-automation-engineer-at-retelligence-4375394576,2026-02-27T10:36:12.176207+00:00
0,QA Engineer | United Kingdom,linkedin,QA Engineer,Openr,"London, England, United Kingdom",On-site,Full-time,,,English,,,Recent,https://uk.linkedin.com/jobs/view/qa-engineer-at-openr-4376598520,2026-02-27T10:36:12.176613+00:00
0,QA Engineer | United Kingdom,linkedin,QA Engineer (Automation),esure Group,"Manchester, England, United Kingdom",On-site,Full-time,,,English,,,Recent,https://uk.linkedin.com/jobs/view/qa-engineer-automation-at-esure-group-4375204506,2026-02-27T10:36:12.176744+00:00
0,Test Engineer | Remote,linkedin,Software Engineer – LLM Code Quality Evaluator | Remote,Crossing Hurdles,Germany,Remote,Full-time,Llm,,English,,,Recent,https://de.linkedin.com/jobs/view/software-engineer-%E2%80%93-llm-code-quality-evaluator-remote-at-crossing-hurdles-4376074122,2026-02-27T10:36:21.881730+00:00
0,Test Engineer | Slovakia,linkedin,Manual QA Engineer (Middle) ID51808,AgileEngine,"Bratislava, Bratislava, Slovakia",On-site,Full-time,,,English,,,Recent,https://sk.linkedin.com/jobs/view/manual-qa-engineer-middle-id51808-at-agileengine-4377642193,2026-02-27T10:36:24.294324+00:00
0,Test Engineer | USA,linkedin,Quality Assurance (QA) Tester - Appian,Groundswell,"Massachusetts, United States",On-site,Full-time,,,English,,,Recent,https://www.linkedin.com/jobs/view/quality-assurance-qa-tester-appian-at-groundswell-4374541313,2026-02-27T10:36:31.833479+00:00
0,Test Engineer | USA,linkedin,Quality Assurance (QA) Tester - Appian,Groundswell,"Florida, United States",On-site,Full-time,,,English,,,Recent,https://www.linkedin.com/jobs/view/quality-assurance-qa-tester-appian-at-groundswell-4374542232,2026-02-27T10:36:31.833610+00:00
0,Test Engineer | USA,linkedin,Quality Assurance (QA) Tester - Appian,Groundswell,"Washington, DC",On-site,Full-time,,,English,,,Recent,https://www.linkedin.com/jobs/view/quality-assurance-qa-tester-appian-at-groundswell-4374538356,2026-02-27T10:36:31.833737+00:00
0,Test Engineer | USA,linkedin,Quality Assurance (QA) Tester - Appian,Groundswell,"Illinois, United States",On-site,Full-time,,,English,,,Recent,https://www.linkedin.com/jobs/view/quality-assurance-qa-tester-appian-at-groundswell-4374549199,2026-02-27T10:36:31.833861+00:00
0,Test Engineer | USA,linkedin,Quality Assurance (QA) Tester - Appian,Groundswell,"New York, United States",On-site,Full-time,,,English,,,Recent,https://www.linkedin.com/jobs/view/quality-assurance-qa-tester-appian-at-groundswell-4374532408,2026-02-27T10:36:31.834002+00:00
0,Test Engineer | USA,linkedin,Quality Assurance (QA) Tester - Appian,Groundswell,"New Jersey, United States",On-site,Full-time,,,English,,,Recent,https://www.linkedin.com/jobs/view/quality-assurance-qa-tester-appian-at-groundswell-4374539298,2026-02-27T10:36:31.834130+00:00
0,Test Engineer | USA,linkedin,Quality Assurance (QA) Tester - Appian,Groundswell,"Ohio, United States",On-site,Full-time,,,English,,,Recent,https://www.linkedin.com/jobs/view/quality-assurance-qa-tester-appian-at-groundswell-4374550177,2026-02-27T10:36:31.834258+00:00
0,Test Engineer | United Kingdom,linkedin,Software Test Engineer,Tiger Resourcing Group,"Barnet, England, United Kingdom",On-site,Full-time,,,English,,,Recent,https://uk.linkedin.com/jobs/view/software-test-engineer-at-tiger-resourcing-group-4374287691,2026-02-27T10:36:34.299697+00:00
0,Testingenieur | Germany,linkedin,Test Engineer/Test Technician (m/f/d) in the field of environmental simulation,EMCC DR. RAŠEK,"Bayreuth, Bavaria, Germany",On-site,Full-time,,,English,,,Recent,https://de.linkedin.com/jobs/view/test-engineer-test-technician-m-f-d-in-the-field-of-environmental-simulation-at-emcc-dr-ra%C5%A1ek-4377876919,2026-02-27T10:36:36.735209+00:00
0,Testingenieur | Germany,linkedin,Ingenieur Fahrzeugerprobung / Test & Validierung (all gender) 200,ALTEN Germany,Greater Munich Metropolitan Area,On-site,Full-time,,,English,,,Recent,https://de.linkedin.com/jobs/view/ingenieur-fahrzeugerprobung-test-validierung-all-gender-200-at-alten-germany-4375501704,2026-02-27T10:36:36.736084+00:00
0,Testingenieur | Austria,linkedin,QA - Techniker:in,Usecon,Austria,On-site,Full-time,,,English,,,Recent,https://at.linkedin.com/jobs/view/qa-techniker-in-at-usecon-4375227545,2026-02-27T10:36:39.156513+00:00
0,Testingenieur | Switzerland,linkedin,"Industrialization, Electronics Test Engineer",ANYbotics,"Zurich, Zurich, Switzerland",On-site,Full-time,,,English,,,Recent,https://ch.linkedin.com/jobs/view/industrialization-electronics-test-engineer-at-anybotics-4378614840,2026-02-27T10:36:41.501131+00:00
0,Testingenieur | Remote,linkedin,Projektingenieur Product Change Notification (all gender),ALTEN,"Jena, Thuringia, Germany",Remote,Full-time,,,English,,,Recent,https://de.linkedin.com/jobs/view/projektingenieur-product-change-notification-all-gender-at-alten-4375524174,2026-02-27T10:36:43.898515+00:00
0,Testingenieur | Slovakia,linkedin,QA Engineer,BlueThrone,"Košice, Kosice, Slovakia",On-site,Full-time,,,English,,,Recent,https://sk.linkedin.com/jobs/view/qa-engineer-at-bluethrone-4376736930,2026-02-27T10:36:46.267129+00:00
0,Testingenieur | Czech Republic,linkedin,Future QA Engineer Opportunities (Gaming Industry),Perform,"Santo Domingo, Distrito Nacional, Dominican Republic",On-site,Full-time,,,English,,,Recent,https://do.linkedin.com/jobs/view/future-qa-engineer-opportunities-gaming-industry-at-perform-4376789248,2026-02-27T10:36:48.672384+00:00
0,Testingenieur | Poland,linkedin,QA Test Engineer - ServiceNow - Open for European candidates,All European Careers,Warsaw Metropolitan Area,On-site,Full-time,,,English,,,Recent,https://pl.linkedin.com/jobs/view/qa-test-engineer-servicenow-open-for-european-candidates-at-all-european-careers-4375356605,2026-02-27T10:36:51.133092+00:00
0,Testingenieur | USA,linkedin,Robot Programmer (FANUC),Gabletek Robotics and Controls Solutions,"Novi, MI",On-site,Full-time,,,English,,,Recent,https://www.linkedin.com/jobs/view/robot-programmer-fanuc-at-gabletek-robotics-and-controls-solutions-4374841128,2026-02-27T10:36:53.797285+00:00
0,Testingenieur | USA,linkedin,"Software Engineer, iOS",Digital Monitoring Products,"Springfield, MO",On-site,Full-time,,,English,,,Recent,https://www.linkedin.com/jobs/view/software-engineer-ios-at-digital-monitoring-products-4377042785,2026-02-27T10:36:53.797415+00:00
0,Testingenieur | United Kingdom,linkedin,Project Engineer,NEC Software Solutions (India),"Chippenham, England, United Kingdom",On-site,Contract,Can,"Powershell, Express",English,,,Recent,https://uk.linkedin.com/jobs/view/project-engineer-at-nec-software-solutions-india-4378010507,2026-02-27T10:36:56.261258+00:00
0,Test Automation | Austria,linkedin,Sr. Product QA Tester - remote,Jobgether,Austria,Remote,Full-time,,,English,,,Recent,https://at.linkedin.com/jobs/view/sr-product-qa-tester-remote-at-jobgether-4378070722,2026-02-27T10:37:01.057309+00:00
0,Test Automation | Remote,linkedin,Quality Assurance Specialist,MAK Technologies LLC,Germany,Remote,Full-time,,,English,,,Recent,https://de.linkedin.com/jobs/view/quality-assurance-specialist-at-mak-technologies-llc-4376766590,2026-02-27T10:37:05.972090+00:00
0,Test Automation | Remote,linkedin,Educational Quality Assurance Analyst | $55/hr Remote,Crossing Hurdles,Germany,Remote,Full-time,,,English,,,Recent,https://de.linkedin.com/jobs/view/educational-quality-assurance-analyst-%2455-hr-remote-at-crossing-hurdles-4376062676,2026-02-27T10:37:05.972218+00:00
0,Test Automation | Slovakia,linkedin,Technical Specialist in Quality Engineering,ITmatch,Slovakia,On-site,Full-time,,,English,,,Recent,https://sk.linkedin.com/jobs/view/technical-specialist-in-quality-engineering-at-itmatch-4378316741,2026-02-27T10:37:08.353047+00:00
0,Test Automation | Czech Republic,linkedin,QA Funcional Intermedio (Analista de Calidad de Software) Híbrido,OrionTek,"Santo Domingo de Guzmán, Distrito Nacional, Dominican Republic",On-site,Full-time,,,English,,,Recent,https://do.linkedin.com/jobs/view/qa-funcional-intermedio-analista-de-calidad-de-software-h%C3%ADbrido-at-oriontek-4371188284,2026-02-27T10:37:10.729815+00:00
0,Test Automation | Poland,linkedin,"QA Automation Manager (Krakow, Hybrid)",First Advantage,Cracow Metropolitan Area,Hybrid,Full-time,,,English,,,Recent,https://pl.linkedin.com/jobs/view/qa-automation-manager-krakow-hybrid-at-first-advantage-4376828225,2026-02-27T10:37:13.148661+00:00
0,Test Automation | United Kingdom,linkedin,QA Engineer (Automation),esure Group,"Glasgow, Scotland, United Kingdom",On-site,Full-time,,,English,,,Recent,https://uk.linkedin.com/jobs/view/qa-engineer-automation-at-esure-group-4375210517,2026-02-27T10:37:18.279080+00:00
0,Python Developer | Germany,linkedin,ML Python Developer — Stuttgart,SprintEins,"Stuttgart, Baden-Württemberg, Germany",On-site,Full-time,Python,,English,,,Recent,https://de.linkedin.com/jobs/view/ml-python-developer-%E2%80%94-stuttgart-at-sprinteins-4377049630,2026-02-27T10:37:20.747536+00:00
0,Python Developer | Germany,linkedin,Freelance Data Science Engineer (Python & SQL),Mindrift,"Hamburg, Hamburg, Germany",On-site,Contract,Python,"Sql, Data Science",English,,,Recent,https://de.linkedin.com/jobs/view/freelance-data-science-engineer-python-sql-at-mindrift-4377135607,2026-02-27T10:37:20.747816+00:00
0,Python Developer | Germany,linkedin,Backend / Algorithmic Engineer,Instaffo,"Stuttgart, Baden-Württemberg, Germany",On-site,Full-time,,,English,,,Recent,https://de.linkedin.com/jobs/view/backend-algorithmic-engineer-at-instaffo-4343001944,2026-02-27T10:37:20.747963+00:00
0,Python Developer | Germany,linkedin,Software Engineer (Python/C++) – Code Evaluation | Remote,Crossing Hurdles,Germany,Remote,Full-time,"C, C++, Python",,English,,,Recent,https://de.linkedin.com/jobs/view/software-engineer-python-c%2B%2B-%E2%80%93-code-evaluation-remote-at-crossing-hurdles-4376073299,2026-02-27T10:37:20.748229+00:00
0,Python Developer | Germany,linkedin,Freelance Data Science Engineer (Python & SQL),Mindrift,"Cologne, North Rhine-Westphalia, Germany",On-site,Contract,Python,"Sql, Data Science",English,,,Recent,https://de.linkedin.com/jobs/view/freelance-data-science-engineer-python-sql-at-mindrift-4377127928,2026-02-27T10:37:20.748494+00:00
0,Python Developer | Austria,linkedin,Python Developer (m/f/d),netcup,"Klagenfurt, Carinthia, Austria",On-site,Full-time,Python,,English,,,Recent,https://at.linkedin.com/jobs/view/python-developer-m-f-d-at-netcup-4377576625,2026-02-27T10:37:23.195700+00:00
0,Python Developer | Austria,linkedin,Software Engineer (Python),AVILOO Battery Diagnostics,"Laxenburg, Lower Austria, Austria",On-site,Full-time,Python,,English,,,Recent,https://at.linkedin.com/jobs/view/software-engineer-python-at-aviloo-battery-diagnostics-4357731224,2026-02-27T10:37:23.195834+00:00
0,Python Developer | Austria,linkedin,Python/JS Engineer – Annotator | Remote,Crossing Hurdles,Austria,Remote,Full-time,Python,,English,,,Recent,https://at.linkedin.com/jobs/view/python-js-engineer-%E2%80%93-annotator-remote-at-crossing-hurdles-4372078354,2026-02-27T10:37:23.195979+00:00
0,Python Developer | Austria,linkedin,Junior Full Stack Developer (m/w/d),Computer Futures,"Vienna, Vienna, Austria",On-site,Full-time,,Junior,English,,,Recent,https://at.linkedin.com/jobs/view/junior-full-stack-developer-m-w-d-at-computer-futures-4377191911,2026-02-27T10:37:23.196117+00:00
0,Python Developer | Austria,linkedin,Junior Full Stack Developer (m/w/d),Computer Futures,"Vienna, Vienna, Austria",On-site,Full-time,,Junior,English,,,Recent,https://at.linkedin.com/jobs/view/junior-full-stack-developer-m-w-d-at-computer-futures-4377403317,2026-02-27T10:37:23.196248+00:00
0,Python Developer | Austria,linkedin,Mechanical Systems Engineer (Python) - Freelance AI Trainer,Mindrift,Austria,On-site,Contract,Python,,English,,,Recent,https://at.linkedin.com/jobs/view/mechanical-systems-engineer-python-freelance-ai-trainer-at-mindrift-4378387115,2026-02-27T10:37:23.196375+00:00
0,Python Developer | Switzerland,linkedin,Backend Python Developer,Swisslinx,"Basel, Basel, Switzerland",On-site,Full-time,Python,,English,,,Recent,https://ch.linkedin.com/jobs/view/backend-python-developer-at-swisslinx-4376436460,2026-02-27T10:37:25.595732+00:00
0,Python Developer | Switzerland,linkedin,Full Stack Developer (Remote),Twine,Switzerland,Remote,Full-time,,,English,,,Recent,https://ch.linkedin.com/jobs/view/full-stack-developer-remote-at-twine-4374261168,2026-02-27T10:37:25.596012+00:00
0,Python Developer | Switzerland,linkedin,Full Stack AI Developer,EXANTE,"Geneva, Geneva, Switzerland",On-site,Full-time,,,English,,,Recent,https://ch.linkedin.com/jobs/view/full-stack-ai-developer-at-exante-4377156483,2026-02-27T10:37:25.596144+00:00
0,Python Developer | Remote,linkedin,Freelance Machine Learning Engineer (Python),Mindrift,Germany,Remote,Contract,Python,Machine Learning,English,,,Recent,https://de.linkedin.com/jobs/view/freelance-machine-learning-engineer-python-at-mindrift-4377406323,2026-02-27T10:37:28.036296+00:00
0,Python Developer | Remote,linkedin,Python Developer - Fully Remote,Mercor,Germany,Remote,Full-time,Python,,English,,,Recent,https://de.linkedin.com/jobs/view/python-developer-fully-remote-at-mercor-4370156994,2026-02-27T10:37:28.036420+00:00
0,Python Developer | Slovakia,linkedin,Full-Stack Developer (Python + JS),GoReel,Slovakia,On-site,Full-time,Python,,English,,,Recent,https://sk.linkedin.com/jobs/view/full-stack-developer-python-%2B-js-at-goreel-4378381916,2026-02-27T10:37:30.402766+00:00
0,Python Developer | Slovakia,linkedin,Python Software Engineer - Automated Systems and Solutions,ESET,"Bratislava, Bratislava, Slovakia",On-site,Full-time,Python,,English,,,Recent,https://sk.linkedin.com/jobs/view/python-software-engineer-automated-systems-and-solutions-at-eset-4352371834,2026-02-27T10:37:30.403826+00:00
0,Python Developer | Czech Republic,linkedin,Full-Stack Developer,Rivero,Dominican Republic,On-site,Full-time,,,English,,,Recent,https://do.linkedin.com/jobs/view/full-stack-developer-at-rivero-4377014770,2026-02-27T10:37:33.000987+00:00
0,Python Developer | Czech Republic,linkedin,Full Stack Developer,Flatiron Software,Dominican Republic,On-site,Full-time,,,English,,,Recent,https://do.linkedin.com/jobs/view/full-stack-developer-at-flatiron-software-4378357690,2026-02-27T10:37:33.001138+00:00
0,Python Developer | Czech Republic,linkedin,Full Stack Engineer,Origami Risk,"Santo Domingo, Distrito Nacional, Dominican Republic",On-site,Full-time,,,English,,,Recent,https://do.linkedin.com/jobs/view/full-stack-engineer-at-origami-risk-4376107256,2026-02-27T10:37:33.002080+00:00
0,Python Developer | Poland,linkedin,Junior/Mid Python Developer - Freelance,Netguru,"Poznań, Wielkopolskie, Poland",On-site,Contract,Python,Junior,English,,,Recent,https://pl.linkedin.com/jobs/view/junior-mid-python-developer-freelance-at-netguru-4378361589,2026-02-27T10:37:35.488333+00:00
0,Python Developer | Poland,linkedin,Fullstack Engineer - Python,Guidewire Software,Poland,On-site,Full-time,Python,,English,,,Recent,https://pl.linkedin.com/jobs/view/fullstack-engineer-python-at-guidewire-software-4374768377,2026-02-27T10:37:35.488625+00:00
0,Python Developer | Poland,linkedin,Freelance Data Science Engineer (Python & SQL),Mindrift,Poland,On-site,Contract,Python,"Sql, Data Science",English,,,Recent,https://pl.linkedin.com/jobs/view/freelance-data-science-engineer-python-sql-at-mindrift-4377128645,2026-02-27T10:37:35.488757+00:00
0,Python Developer | Poland,linkedin,AI Engineer (k/m) [137-170 zł/h netto + VAT B2B],Deviniti,"Wrocław, Dolnośląskie, Poland",On-site,Full-time,,,English,,,Recent,https://pl.linkedin.com/jobs/view/ai-engineer-k-m-137-170-z%C5%82-h-netto-%2B-vat-b2b-at-deviniti-4376821588,2026-02-27T10:37:35.488885+00:00
0,Python Developer | Poland,linkedin,Python Developer,SmartChoice International Limited,"Cracow, Małopolskie, Poland",On-site,Internship,Python,,English,,,Recent,https://pl.linkedin.com/jobs/view/python-developer-at-smartchoice-international-limited-4374560368,2026-02-27T10:37:35.489038+00:00
0,Python Developer | Poland,linkedin,"Software Engineer (Python, Java, Big Data)",ALGOTEQUE Innovation Hub,"Warsaw, Mazowieckie, Poland",On-site,Full-time,"Java, Python",,English,,,Recent,https://pl.linkedin.com/jobs/view/software-engineer-python-java-big-data-at-algoteque-innovation-hub-4377098588,2026-02-27T10:37:35.489172+00:00
0,Python Developer | Poland,linkedin,Web Scraper,NielsenIQ,Warsaw Metropolitan Area,On-site,Full-time,,,English,,,Recent,https://pl.linkedin.com/jobs/view/web-scraper-at-nielseniq-4376084599,2026-02-27T10:37:35.489425+00:00
0,Python Developer | USA,linkedin,python developer,Wipro,"Austin, TX",On-site,Full-time,Python,,English,,,Recent,https://www.linkedin.com/jobs/view/python-developer-at-wipro-4375723438,2026-02-27T10:37:37.999916+00:00
0,Python Developer | USA,linkedin,Python Developer,Envision Technology Solutions,"Frisco, TX",On-site,Full-time,Python,,English,,,Recent,https://www.linkedin.com/jobs/view/python-developer-at-envision-technology-solutions-4376411503,2026-02-27T10:37:38.000150+00:00
0,Python Developer | USA,linkedin,Python Developer,OVA.Work,"Booneville, IA",On-site,Full-time,Python,,English,,,Recent,https://www.linkedin.com/jobs/view/python-developer-at-ova-work-4377141645,2026-02-27T10:37:38.000289+00:00
0,Python Developer | USA,linkedin,Software Engineer (Python) - Remote,Taskify AI,United States,Remote,Full-time,Python,,English,,,Recent,https://www.linkedin.com/jobs/view/software-engineer-python-remote-at-taskify-ai-4377422187,2026-02-27T10:37:38.000418+00:00
0,Python Developer | USA,linkedin,Junior Python Developer,Codevista Solutions,"Washington, United States",On-site,Full-time,Python,Junior,English,,,Recent,https://www.linkedin.com/jobs/view/junior-python-developer-at-codevista-solutions-4376405291,2026-02-27T10:37:38.000543+00:00
0,Python Developer | USA,linkedin,"Software Engineer -2 (Python, Javascript, Grafana)","Akina, Inc","Fort Meade, MD",On-site,Full-time,"Javascript, Python",Grafana,English,,,Recent,https://www.linkedin.com/jobs/view/software-engineer-2-python-javascript-grafana-at-akina-inc-4377035365,2026-02-27T10:37:38.000677+00:00
0,Python Developer | USA,linkedin,Software Engineer - Python,CVS Health,"Austin, TX",On-site,Full-time,Python,,English,,,Recent,https://www.linkedin.com/jobs/view/software-engineer-python-at-cvs-health-4377149524,2026-02-27T10:37:38.000809+00:00
0,Python Developer | USA,linkedin,Software Developer,CGI,"Arlington, VA",On-site,Full-time,,,English,,,Recent,https://www.linkedin.com/jobs/view/software-developer-at-cgi-4377070888,2026-02-27T10:37:38.001086+00:00
0,Python Developer | USA,linkedin,Python Developer,Alderson Loop,"Sparks Glencoe, MD",On-site,Full-time,Python,,English,,,Recent,https://www.linkedin.com/jobs/view/python-developer-at-alderson-loop-4374536695,2026-02-27T10:37:38.001215+00:00
0,Python Developer | United Kingdom,linkedin,Software Engineer (Python),Impax Recruitment,"London Area, United Kingdom",On-site,Full-time,Python,,English,,,Recent,https://uk.linkedin.com/jobs/view/software-engineer-python-at-impax-recruitment-4377122223,2026-02-27T10:37:40.508499+00:00
0,Python Developer | United Kingdom,linkedin,Backend Software Engineer (Python),NLPatent,"London, England, United Kingdom",On-site,Full-time,Python,,English,,,Recent,https://uk.linkedin.com/jobs/view/backend-software-engineer-python-at-nlpatent-4377423828,2026-02-27T10:37:40.508674+00:00
0,Python Developer | United Kingdom,linkedin,Python Developer,develop,"London Area, United Kingdom",On-site,Full-time,Python,,English,,,Recent,https://uk.linkedin.com/jobs/view/python-developer-at-develop-4374280896,2026-02-27T10:37:40.508967+00:00
0,Python Developer | United Kingdom,linkedin,Python Software Engineer – Quantitative Hedge Fund : £120-180k,Hunter Bond,"London Area, United Kingdom",On-site,Full-time,Python,,English,,,Recent,https://uk.linkedin.com/jobs/view/python-software-engineer-%E2%80%93-quantitative-hedge-fund-%C2%A3120-180k-at-hunter-bond-4374583470,2026-02-27T10:37:40.509101+00:00
0,Python Developer | United Kingdom,linkedin,Python Developer,Premier Group,"London Area, United Kingdom",On-site,Full-time,Python,,English,,,Recent,https://uk.linkedin.com/jobs/view/python-developer-at-premier-group-4377199378,2026-02-27T10:37:40.509242+00:00
0,Python Developer | United Kingdom,linkedin,Freelance Data Science Engineer (Python & SQL),Mindrift,United Kingdom,On-site,Contract,Python,"Sql, Data Science",English,,,Recent,https://uk.linkedin.com/jobs/view/freelance-data-science-engineer-python-sql-at-mindrift-4377127935,2026-02-27T10:37:40.509371+00:00
0,Python Developer | United Kingdom,linkedin,Python Developer,Digital Waffle,United Kingdom,On-site,Full-time,Python,,English,,,Recent,https://uk.linkedin.com/jobs/view/python-developer-at-digital-waffle-4375371766,2026-02-27T10:37:40.509632+00:00
0,Python Test | Remote,linkedin,Software Testing Analyst,Alignerr,Germany,Remote,Full-time,,,English,,,Recent,https://de.linkedin.com/jobs/view/software-testing-analyst-at-alignerr-4378724748,2026-02-27T10:37:50.222380+00:00
0,Python Test | Poland,linkedin,Quality Engineer (Tester),act digital,Poland,On-site,Full-time,,,English,,,Recent,https://pl.linkedin.com/jobs/view/quality-engineer-tester-at-act-digital-4372884766,2026-02-27T10:37:57.352474+00:00
0,Python Test | USA,linkedin,Quality Assurance Automation Engineer,Synergis,"Cupertino, CA",On-site,Full-time,,,English,,,Recent,https://www.linkedin.com/jobs/view/quality-assurance-automation-engineer-at-synergis-4376926534,2026-02-27T10:38:00.008502+00:00
0,Python Test | USA,linkedin,QA Tester (Manual & Automation),Xaxis Solutions,"Westerville, OH",On-site,Full-time,,,English,,,Recent,https://www.linkedin.com/jobs/view/qa-tester-manual-automation-at-xaxis-solutions-4377277998,2026-02-27T10:38:00.008644+00:00
0,Python Test | USA,linkedin,Software QA Engineer,LER TechForce,"Rochester Hills, MI",On-site,Full-time,,,English,,,Recent,https://www.linkedin.com/jobs/view/software-qa-engineer-at-ler-techforce-4378359192,2026-02-27T10:38:00.008915+00:00
0,Python Test | USA,linkedin,Junior Software Quality Engineer,Helic & Co.,United States,On-site,Full-time,,Junior,English,,,Recent,https://www.linkedin.com/jobs/view/junior-software-quality-engineer-at-helic-co-4378601262,2026-02-27T10:38:00.009175+00:00
0,Python Test | United Kingdom,linkedin,QA Engineer (Automation),esure Group,"Southport, England, United Kingdom",On-site,Full-time,,,English,,,Recent,https://uk.linkedin.com/jobs/view/qa-engineer-automation-at-esure-group-4374899573,2026-02-27T10:38:02.468654+00:00
0,Firmware Engineer | Germany,linkedin,Junior Software Engineer (m/w/d) - (Frankfurt/ Remote),Rapid Pioneers Group,"Berlin, Berlin, Germany",Remote,Full-time,,Junior,English,,,Recent,https://de.linkedin.com/jobs/view/junior-software-engineer-m-w-d-frankfurt-remote-at-rapid-pioneers-group-4374292385,2026-02-27T10:38:04.891091+00:00
0,Firmware Engineer | Germany,linkedin,Embedded Software Ingenieur (w/m/d),XTENDED ENGINEERING GMBH,"Munich, Bavaria, Germany",On-site,Full-time,,,English,,,Recent,https://de.linkedin.com/jobs/view/embedded-software-ingenieur-w-m-d-at-xtended-engineering-gmbh-4378392805,2026-02-27T10:38:04.891406+00:00
0,Firmware Engineer | Germany,linkedin,Software Engineer,Maxmove,"Cologne, North Rhine-Westphalia, Germany",On-site,Full-time,,,English,,,Recent,https://de.linkedin.com/jobs/view/software-engineer-at-maxmove-4374292561,2026-02-27T10:38:04.891810+00:00
0,Firmware Engineer | Germany,linkedin,Embedded Software Entwickler / zukünftiger Softwarearchitekt (m/w/d),JUMO Headquarters,"Fulda, Hesse, Germany",On-site,Full-time,,,English,,,Recent,https://de.linkedin.com/jobs/view/embedded-software-entwickler-zuk%C3%BCnftiger-softwarearchitekt-m-w-d-at-jumo-headquarters-4378655261,2026-02-27T10:38:04.891955+00:00
0,Firmware Engineer | Germany,linkedin,Embedded Software / Firmware Developer (m/w/d),secunet Security Networks AG,"Berlin, Berlin, Germany",On-site,Full-time,Firmware,,English,,,Recent,https://de.linkedin.com/jobs/view/embedded-software-firmware-developer-m-w-d-at-secunet-security-networks-ag-4375269838,2026-02-27T10:38:04.892226+00:00
0,Firmware Engineer | Austria,linkedin,Software Engineer,Talos Automation,"Styria, Austria",On-site,Full-time,,,English,,,Recent,https://at.linkedin.com/jobs/view/software-engineer-at-talos-automation-4375539342,2026-02-27T10:38:07.296297+00:00
0,Firmware Engineer | Remote,linkedin,"Software Engineer – Financial Systems (Loans & Transactions) – Java - Remote – €90,000",Findr,Germany,Remote,Full-time,Java,,English,,,Recent,https://de.linkedin.com/jobs/view/software-engineer-%E2%80%93-financial-systems-loans-transactions-%E2%80%93-java-remote-%E2%80%93-%E2%82%AC90-000-at-findr-4376814729,2026-02-27T10:38:12.108764+00:00
0,Firmware Engineer | Remote,linkedin,Software Engineer Java (w/m/d),TIMETOACT Software & Consulting GmbH,Germany,Remote,Full-time,Java,,English,,,Recent,https://de.linkedin.com/jobs/view/software-engineer-java-w-m-d-at-timetoact-software-consulting-gmbh-4377184549,2026-02-27T10:38:12.108923+00:00
0,Firmware Engineer | Remote,linkedin,Software Engineer,THRYVE,Germany,Remote,Full-time,,,English,,,Recent,https://de.linkedin.com/jobs/view/software-engineer-at-thryve-4377136700,2026-02-27T10:38:12.109437+00:00
0,Firmware Engineer | Remote,linkedin,"Software Engineer – Java - IT Security - Remote – €80,000",Findr,Germany,Remote,Full-time,Java,,English,,,Recent,https://de.linkedin.com/jobs/view/software-engineer-%E2%80%93-java-it-security-remote-%E2%80%93-%E2%82%AC80-000-at-findr-4376582640,2026-02-27T10:38:12.109565+00:00
0,Firmware Engineer | Poland,linkedin,Software Engineer,Arista Networks,Cracow Metropolitan Area,On-site,Full-time,,,English,,,Recent,https://pl.linkedin.com/jobs/view/software-engineer-at-arista-networks-4377606024,2026-02-27T10:38:19.246212+00:00
0,Firmware Engineer | USA,linkedin,Software Engineer - Platform,Authentic,"New York, NY",On-site,Full-time,,,English,,,Recent,https://www.linkedin.com/jobs/view/software-engineer-platform-at-authentic-4377115063,2026-02-27T10:38:21.839223+00:00
0,Firmware Engineer | USA,linkedin,Embedded Software Engineer,Cisco,"Milpitas, CA",Remote,Contract,"C, C++, Can, Driver Development, Embedded Systems, I2C, Python, Spi, Uart","Fpga, Linux, Agile",English,,,Recent,https://www.linkedin.com/jobs/view/embedded-software-engineer-at-cisco-4343985681,2026-02-27T10:38:21.839740+00:00
14,Python Test | Germany,freelancermap,Senior Softwaretester (Python) - asap - remote - 7 Monate,Freelancermap Client,Köln Deutschland,Remote,Freelance,Python,Senior,English,Senior,,25.02.2026,https://www.freelancermap.de/projekt/senior-softwaretester-python-asap-remote-7-monate,2026-02-27T11:03:00.768042+00:00
14,Firmware Engineer | Germany,freelancermap,Senior IT Engineer (m/w/d),Freelancermap Client,Köln Deutschland,On-site,Freelance,,Senior,English,Senior,,04.02.2026,https://www.freelancermap.de/projekt/senior-it-engineer-m-w-d-2964727,2026-02-27T11:04:02.714815+00:00
14,Firmware Engineer | Germany,freelancermap,Network Engineer SD-WAN (Aruba) (m/w/d),AMPLEE GmbH & Co. KG,Köln Deutschland,Remote,Freelance,Firmware,"Senior, Confluence, R, Jira",German,Senior,,10.02.2026,https://www.freelancermap.de/projekt/network-engineer-sd-wan-aruba-m-w-d,2026-02-27T11:04:02.714962+00:00
0,Firmware Engineer | Germany,freelancermap,Field Engineer Robotics (m/f/d),Freelancermap Client,Erfurt Deutschland,On-site,Freelance,,,English,,,03.02.2026,https://www.freelancermap.de/projekt/field-engineer-robotics-m-f-d,2026-02-27T11:04:02.714595+00:00
0,Firmware Engineer | Germany,freelancermap,Electronic Design Engineer | Maritime | Hamburg,Freelancermap Client,Hamburg Deutschland,On-site,Freelance,,,English,,,23.12.2025,https://www.freelancermap.de/projekt/electronic-design-engineer-maritime-hamburg,2026-02-27T11:04:02.714698+00:00
